Guinea|-|-|-|-|
Liberia|-|-|-|-|
Sierra Leone|Bo|Badjia|-|-|
Sierra Leone|Bo|Bagbo|-|-|
Sierra Leone|Bo|Bagbwe|-|-|
Sierra Leone|Bo|Baoma|-|-|
Sierra Leone|Bo|Bumpe-Gao|-|-|
Sierra Leone|Bo|Gbo|-|-|
Sierra Leone|Bo|Jaiama Bongor|-|-|
Sierra Leone|Bo|Kakua|-|-|
Sierra Leone|Bo|Komboya|-|-|
Sierra Leone|Bo|Lugbu|-|-|
Sierra Leone|Bo|Niawa Lenga|-|-|
Sierra Leone|Bo|Selenga|-|-|
Sierra Leone|Bo|Tikonko|-|-|
Sierra Leone|Bo|Valunia|-|-|
Sierra Leone|Bo|Wonde|-|-|
Sierra Leone|Bombali|Biriwa|-|-|
Sierra Leone|Bombali|Bombali Shebora|-|-|
Sierra Leone|Bombali|Gbanti Kamaranka|-|-|
Sierra Leone|Bombali|Gbendembu Ngowahun|-|-|
Sierra Leone|Bombali|Libeisaygahun|-|-|
Sierra Leone|Bombali|Magbaiamba Ndowahun|-|-|
Sierra Leone|Bombali|Makari Gbanti|-|-|
Sierra Leone|Bombali|Paki Massabong|-|-|
Sierra Leone|Bombali|Safroko Limba|-|-|
Sierra Leone|Bombali|Sanda Loko|-|-|
Sierra Leone|Bombali|Sanda Tenraren|-|-|
Sierra Leone|Bombali|Sella Limba|-|-|
Sierra Leone|Bombali|Tambakha|-|-|
Sierra Leone|Bonthe|Bendu Cha|-|-|
Sierra Leone|Bonthe|Bum|-|-|
Sierra Leone|Bonthe|Dema|-|-|
Sierra Leone|Bonthe|Imperri|-|-|
Sierra Leone|Bonthe|Jong|-|-|
Sierra Leone|Bonthe|Kpanda Kemo|-|-|
Sierra Leone|Bonthe|Kwamebai Krim|-|-|
Sierra Leone|Bonthe|Nongoba Bullom|-|-|
Sierra Leone|Bonthe|Sittia|-|-|
Sierra Leone|Bonthe|Sogbini|-|-|
Sierra Leone|Bonthe|Yawbeko|-|-|
Sierra Leone|Kailahun|Dea|-|-|
Sierra Leone|Kailahun|Jaluahun|-|-|
Sierra Leone|Kailahun|Jawei|-|-|
Sierra Leone|Kailahun|Kissi Kama|-|-|
Sierra Leone|Kailahun|Kissi Teng|-|-|
Sierra Leone|Kailahun|Kissi Tongi|-|-|
Sierra Leone|Kailahun|Luawa|-|-|
Sierra Leone|Kailahun|Malema|-|-|
Sierra Leone|Kailahun|Mandu|-|-|
Sierra Leone|Kailahun|Peje Bongre|-|-|
Sierra Leone|Kailahun|Peje West|-|-|
Sierra Leone|Kailahun|Penguia|-|-|
Sierra Leone|Kailahun|Upper Bambara|-|-|
Sierra Leone|Kailahun|Yawei|-|-|
Sierra Leone|Kambia|Briama|-|-|
Sierra Leone|Kambia|Gbinle Dixing|-|-|
Sierra Leone|Kambia|Magbema|-|-|
Sierra Leone|Kambia|Mambolo|-|-|
Sierra Leone|Kambia|Masungbala|-|-|
Sierra Leone|Kambia|Samu|-|-|
Sierra Leone|Kambia|Tonko Limba|-|-|
Sierra Leone|Kenema|Dama|-|-|
Sierra Leone|Kenema|Dodo|-|-|
Sierra Leone|Kenema|Gaura|-|-|
Sierra Leone|Kenema|Gorama Mende|-|-|
Sierra Leone|Kenema|Kandu Leppiam|-|-|
Sierra Leone|Kenema|Koya|-|-|
Sierra Leone|Kenema|Langurama|-|-|
Sierra Leone|Kenema|Lower Bambara|-|-|
Sierra Leone|Kenema|Malegohun|-|-|
Sierra Leone|Kenema|Niawa|-|-|
Sierra Leone|Kenema|Nomo|-|-|
Sierra Leone|Kenema|Nongowa|-|-|
Sierra Leone|Kenema|Simbaru|-|-|
Sierra Leone|Kenema|Small Bo|-|-|
Sierra Leone|Kenema|Tunkia|-|-|
Sierra Leone|Kenema|Wando|-|-|
Sierra Leone|Koinadugu|Dembelia Sikunia|-|-|
Sierra Leone|Koinadugu|Diang|-|-|
Sierra Leone|Koinadugu|Folasaba|-|-|
Sierra Leone|Koinadugu|Kasunko|-|-|
Sierra Leone|Koinadugu|Mongo|-|-|
Sierra Leone|Koinadugu|Neya|-|-|
Sierra Leone|Koinadugu|Nieni|-|-|
Sierra Leone|Koinadugu|Sengbe|-|-|
Sierra Leone|Koinadugu|Sulima|-|-|
Sierra Leone|Koinadugu|Wara-Wara Bafodea|-|-|
Sierra Leone|Koinadugu|Wara-Wara Yagala|-|-|
Sierra Leone|Kono|Fiama|Dumbia Section|Baidu|
Sierra Leone|Kono|Fiama|Dumbia Section|Fiawoh|
Sierra Leone|Kono|Fiama|Dumbia Section|Kainbadu|
Sierra Leone|Kono|Fiama|Dumbia Section|Meidu|
Sierra Leone|Kono|Fiama|Dumbia Section|Paima|
Sierra Leone|Kono|Fiama|Dumbia Section|Pakidu|
Sierra Leone|Kono|Fiama|Dumbia Section|Singema|
Sierra Leone|Kono|Fiama|Dumbia Section|Sukudu|
Sierra Leone|Kono|Fiama|Dumbia Section|Tombu|
Sierra Leone|Kono|Fiama|Dumbia Section|Yeikior|
Sierra Leone|Kono|Fiama|Dumbia Section|Yendu|
Sierra Leone|Kono|Fiama|Fiama Section|Bendu|
Sierra Leone|Kono|Fiama|Fiama Section|Dawadu|
Sierra Leone|Kono|Fiama|Fiama Section|Gbeikor|
Sierra Leone|Kono|Fiama|Fiama Section|Gbekedu|
Sierra Leone|Kono|Fiama|Fiama Section|Gbekor|
Sierra Leone|Kono|Fiama|Fiama Section|Koakor|
Sierra Leone|Kono|Fiama|Fiama Section|Koekor|
Sierra Leone|Kono|Fiama|Fiama Section|Kunundu|
Sierra Leone|Kono|Fiama|Fiama Section|London|
Sierra Leone|Kono|Fiama|Fiama Section|Madina|
Sierra Leone|Kono|Fiama|Fiama Section|Mbaoma|
Sierra Leone|Kono|Fiama|Fiama Section|Moindema|
Sierra Leone|Kono|Fiama|Fiama Section|Njagbwema|
Sierra Leone|Kono|Fiama|Fiama Section|Njardu|
Sierra Leone|Kono|Fiama|Fiama Section|Patama|
Sierra Leone|Kono|Fiama|Fiama Section|Sangbandor|
Sierra Leone|Kono|Fiama|Fiama Section|Sawakor|
Sierra Leone|Kono|Fiama|Fiama Section|Sawie|
Sierra Leone|Kono|Fiama|Fiama Section|Seindekor|
Sierra Leone|Kono|Fiama|Fiama Section|Tayandu|
Sierra Leone|Kono|Fiama|Fiama Section|Tongorma|
Sierra Leone|Kono|Fiama|Fiama Section|Tuiyor|
Sierra Leone|Kono|Fiama|Fiama Section|Waima|
Sierra Leone|Kono|Fiama|Fiama Section|Yatandador|
Sierra Leone|Kono|Fiama|Fiama Section|Yeamor|
Sierra Leone|Kono|Fiama|Fiama Section|Yiegbedaa|
Sierra Leone|Kono|Fiama|Kookaa Section|Bosadu|
Sierra Leone|Kono|Fiama|Kookaa Section|Chendedu|
Sierra Leone|Kono|Fiama|Kookaa Section|Didema|
Sierra Leone|Kono|Fiama|Kookaa Section|Faor|
Sierra Leone|Kono|Fiama|Kookaa Section|Gbetema|
Sierra Leone|Kono|Fiama|Kookaa Section|New Yambama|
Sierra Leone|Kono|Fiama|Kookaa Section|Old Yambama|
Sierra Leone|Kono|Fiama|Kookaa Section|Porporma|
Sierra Leone|Kono|Fiama|Kookaa Section|Sembehun|
Sierra Leone|Kono|Fiama|Kookaa Section|Tansankor|
Sierra Leone|Kono|Fiama|Kookaa Section|Wusikor|
Sierra Leone|Kono|Fiama|Kookaa Section|Yochinjambadu|
Sierra Leone|Kono|Fiama|Kooma Section|Bandasuma|
Sierra Leone|Kono|Fiama|Kooma Section|Dakadu|
Sierra Leone|Kono|Fiama|Kooma Section|Fafinkor|
Sierra Leone|Kono|Fiama|Kooma Section|Gbakior|
Sierra Leone|Kono|Fiama|Kooma Section|Gbanfaor|
Sierra Leone|Kono|Fiama|Kooma Section|Gbangbaor|
Sierra Leone|Kono|Fiama|Kooma Section|Gbematambadu|
Sierra Leone|Kono|Fiama|Kooma Section|Kondor|
Sierra Leone|Kono|Fiama|Kooma Section|Maakor|
Sierra Leone|Kono|Fiama|Kooma Section|Makambo|
Sierra Leone|Kono|Fiama|Kooma Section|Musayah|
Sierra Leone|Kono|Fiama|Kooma Section|Ponekor|
Sierra Leone|Kono|Fiama|Kooma Section|Taama|
Sierra Leone|Kono|Fiama|Kooma Section|Tansakor|
Sierra Leone|Kono|Fiama|Kooma Section|Toodu|
Sierra Leone|Kono|Fiama|Kooma Section|Towoh|
Sierra Leone|Kono|Fiama|Yorkor Section|Bambaya|
Sierra Leone|Kono|Fiama|Yorkor Section|Bonbordu|
Sierra Leone|Kono|Fiama|Yorkor Section|Faadaa|
Sierra Leone|Kono|Fiama|Yorkor Section|Gbaima|
Sierra Leone|Kono|Fiama|Yorkor Section|Gbensedu|
Sierra Leone|Kono|Fiama|Yorkor Section|Kassadu|
Sierra Leone|Kono|Fiama|Yorkor Section|Koadiamaya|
Sierra Leone|Kono|Fiama|Yorkor Section|Meiyor|
Sierra Leone|Kono|Fiama|Yorkor Section|Moigbedukula|
Sierra Leone|Kono|Fiama|Yorkor Section|Ngegbordu|
Sierra Leone|Kono|Fiama|Yorkor Section|Wondema|
Sierra Leone|Kono|Fiama|Yorkor Section|Wusikongor|
Sierra Leone|Kono|Gbane|Gbane Yemaor Section|Bendu|
Sierra Leone|Kono|Gbane|Gbane Yemaor Section|Foakor|
Sierra Leone|Kono|Gbane|Gbane Yemaor Section|Foindu|
Sierra Leone|Kono|Gbane|Gbane Yemaor Section|Gbaudu|
Sierra Leone|Kono|Gbane|Gbane Yemaor Section|Kangahun|
Sierra Leone|Kono|Gbane|Gbane Yemaor Section|Koniwadu|
Sierra Leone|Kono|Gbane|Gbane Yemaor Section|Kwiyadu|
Sierra Leone|Kono|Gbane|Gbane Yemaor Section|Mbaoma|
Sierra Leone|Kono|Gbane|Gbane Yemaor Section|Ngeihun|
Sierra Leone|Kono|Gbane|Gbane Yemaor Section|Njawama|
Sierra Leone|Kono|Gbane|Gbane Yemaor Section|Papuyima|
Sierra Leone|Kono|Gbane|Gbane Yemaor Section|Sumbaidu|
Sierra Leone|Kono|Gbane|Gbane Yemaor Section|Yituma|
Sierra Leone|Kono|Gbane|Gbane Yemaor Section|Yombedu|
Sierra Leone|Kono|Gbane|Gbikidakor Section|Bendu|
Sierra Leone|Kono|Gbane|Gbikidakor Section|Kai-Kombada|
Sierra Leone|Kono|Gbane|Gbikidakor Section|Kanekor|
Sierra Leone|Kono|Gbane|Gbikidakor Section|Kongorwakor|
Sierra Leone|Kono|Gbane|Gbikidakor Section|Konsodu|
Sierra Leone|Kono|Gbane|Gbikidakor Section|Kormende|
Sierra Leone|Kono|Gbane|Gbikidakor Section|Kwidu|
Sierra Leone|Kono|Gbane|Gbikidakor Section|Ngeihun|
Sierra Leone|Kono|Gbane|Gbikidakor Section|Ngombu-Kaima|
Sierra Leone|Kono|Gbane|Gbikidakor Section|Njorgborhun|
Sierra Leone|Kono|Gbane|Gbikidakor Section|Nyangordu|
Sierra Leone|Kono|Gbane|Gbikidakor Section|Papuyima|
Sierra Leone|Kono|Gbane|Gbikidakor Section|Sawakor|
Sierra Leone|Kono|Gbane|Gbikidakor Section|Sawolla|
Sierra Leone|Kono|Gbane|Gbikidakor Section|Senjekor|
Sierra Leone|Kono|Gbane|Gbikidakor Section|Sidu|
Sierra Leone|Kono|Gbane|Kamaah Section|Bendu I|
Sierra Leone|Kono|Gbane|Kamaah Section|Bondayon|
Sierra Leone|Kono|Gbane|Kamaah Section|Bongema|
Sierra Leone|Kono|Gbane|Kamaah Section|Forneyama|
Sierra Leone|Kono|Gbane|Kamaah Section|Gbaidu|
Sierra Leone|Kono|Gbane|Kamaah Section|Gbikidu|
Sierra Leone|Kono|Gbane|Kamaah Section|Gendema|
Sierra Leone|Kono|Gbane|Kamaah Section|Jenneh|
Sierra Leone|Kono|Gbane|Kamaah Section|Kamadu|
Sierra Leone|Kono|Gbane|Kamaah Section|Kambama|
Sierra Leone|Kono|Gbane|Kamaah Section|Kangama|
Sierra Leone|Kono|Gbane|Kamaah Section|Komboma I|
Sierra Leone|Kono|Gbane|Kamaah Section|Komboma II|
Sierra Leone|Kono|Gbane|Kamaah Section|Komboma III|
Sierra Leone|Kono|Gbane|Kamaah Section|Konendu|
Sierra Leone|Kono|Gbane|Kamaah Section|Magbwema|
Sierra Leone|Kono|Gbane|Kamaah Section|Njafidu|
Sierra Leone|Kono|Gbane|Kamaah Section|Sandema|
Sierra Leone|Kono|Gbane|Kamaah Section|Sungah|
Sierra Leone|Kono|Gbane|Kamaah Section|Tungbekor|
Sierra Leone|Kono|Gbane|Kamaah Section|Vaama|
Sierra Leone|Kono|Gbane|Kamaah Section|Wayiyah|
Sierra Leone|Kono|Gbane|Kamaah Section|Wondema|
Sierra Leone|Kono|Gbane|Kamaah Section|Yomandu|
Sierra Leone|Kono|Gbane|Mahenkandor Section|Beyima|
Sierra Leone|Kono|Gbane|Mahenkandor Section|Bumpeh|
Sierra Leone|Kono|Gbane|Mahenkandor Section|Dandu|
Sierra Leone|Kono|Gbane|Mahenkandor Section|Dunamaor|
Sierra Leone|Kono|Gbane|Mahenkandor Section|Kambodu|
Sierra Leone|Kono|Gbane|Mahenkandor Section|Kangama|
Sierra Leone|Kono|Gbane|Mahenkandor Section|Kangordu|
Sierra Leone|Kono|Gbane|Mahenkandor Section|Kissi Modu|
Sierra Leone|Kono|Gbane|Mahenkandor Section|Kuangor|
Sierra Leone|Kono|Gbane|Mahenkandor Section|Maamu|
Sierra Leone|Kono|Gbane|Mahenkandor Section|Moyamba|
Sierra Leone|Kono|Gbane|Mahenkandor Section|Small Kuandor|
Sierra Leone|Kono|Gbane|Mahenkandor Section|Tiandu|
Sierra Leone|Kono|Gbane|Mahenkandor Section|Wugbadu|
Sierra Leone|Kono|Gbane|Mahenkandor Section|Yekior Mahenfeh|
Sierra Leone|Kono|Gbane|Mongor Section|Bagbema|
Sierra Leone|Kono|Gbane|Mongor Section|Bakorkor|
Sierra Leone|Kono|Gbane|Mongor Section|Bandama|
Sierra Leone|Kono|Gbane|Mongor Section|Bendu|
Sierra Leone|Kono|Gbane|Mongor Section|Bendu II|
Sierra Leone|Kono|Gbane|Mongor Section|Bidu|
Sierra Leone|Kono|Gbane|Mongor Section|Bigbudu|
Sierra Leone|Kono|Gbane|Mongor Section|Blama|
Sierra Leone|Kono|Gbane|Mongor Section|Bo|
Sierra Leone|Kono|Gbane|Mongor Section|Boaidu|
Sierra Leone|Kono|Gbane|Mongor Section|Boeyama|
Sierra Leone|Kono|Gbane|Mongor Section|Bondi|
Sierra Leone|Kono|Gbane|Mongor Section|Bumpeh|
Sierra Leone|Kono|Gbane|Mongor Section|Butorhun|
Sierra Leone|Kono|Gbane|Mongor Section|Chendegbodu|
Sierra Leone|Kono|Gbane|Mongor Section|Chiborkor|
Sierra Leone|Kono|Gbane|Mongor Section|Daama|
Sierra Leone|Kono|Gbane|Mongor Section|Daniel Town|
Sierra Leone|Kono|Gbane|Mongor Section|Debeyah|
Sierra Leone|Kono|Gbane|Mongor Section|Fakongor|
Sierra Leone|Kono|Gbane|Mongor Section|Fanima|
Sierra Leone|Kono|Gbane|Mongor Section|Fembedu|
Sierra Leone|Kono|Gbane|Mongor Section|Gandorhun|
Sierra Leone|Kono|Gbane|Mongor Section|Gbaima|
Sierra Leone|Kono|Gbane|Mongor Section|Gbatema|
Sierra Leone|Kono|Gbane|Mongor Section|Gbendema|
Sierra Leone|Kono|Gbane|Mongor Section|Gbetewama|
Sierra Leone|Kono|Gbane|Mongor Section|Kissi Town|
Sierra Leone|Kono|Gbane|Mongor Section|Koidu Buuma|
Sierra Leone|Kono|Gbane|Mongor Section|Komandor|
Sierra Leone|Kono|Gbane|Mongor Section|Konandu|
Sierra Leone|Kono|Gbane|Mongor Section|Kondima|
Sierra Leone|Kono|Gbane|Mongor Section|Koniwadu|
Sierra Leone|Kono|Gbane|Mongor Section|Konosu|
Sierra Leone|Kono|Gbane|Mongor Section|Kortuma|
Sierra Leone|Kono|Gbane|Mongor Section|Lamin Town|
Sierra Leone|Kono|Gbane|Mongor Section|Levuma|
Sierra Leone|Kono|Gbane|Mongor Section|Maakor|
Sierra Leone|Kono|Gbane|Mongor Section|Mandu|
Sierra Leone|Kono|Gbane|Mongor Section|Manoh|
Sierra Leone|Kono|Gbane|Mongor Section|Mbaoma|
Sierra Leone|Kono|Gbane|Mongor Section|Mbaoma II|
Sierra Leone|Kono|Gbane|Mongor Section|Moadu|
Sierra Leone|Kono|Gbane|Mongor Section|Ngaiah|
Sierra Leone|Kono|Gbane|Mongor Section|Njalla|
Sierra Leone|Kono|Gbane|Mongor Section|Nyandehun|
Sierra Leone|Kono|Gbane|Mongor Section|Nyonkorfulahun|
Sierra Leone|Kono|Gbane|Mongor Section|Okondo|
Sierra Leone|Kono|Gbane|Mongor Section|Patama|
Sierra Leone|Kono|Gbane|Mongor Section|Pidu|
Sierra Leone|Kono|Gbane|Mongor Section|Saadu|
Sierra Leone|Kono|Gbane|Mongor Section|Saaooh|
Sierra Leone|Kono|Gbane|Mongor Section|Sekaikor|
Sierra Leone|Kono|Gbane|Mongor Section|Sekoya|
Sierra Leone|Kono|Gbane|Mongor Section|Senehun|
Sierra Leone|Kono|Gbane|Mongor Section|Sowadu|
Sierra Leone|Kono|Gbane|Mongor Section|Sumbaidu|
Sierra Leone|Kono|Gbane|Mongor Section|Taiyah|
Sierra Leone|Kono|Gbane|Mongor Section|Tekuyama|
Sierra Leone|Kono|Gbane|Mongor Section|Telema|
Sierra Leone|Kono|Gbane|Mongor Section|Teyama|
Sierra Leone|Kono|Gbane|Mongor Section|Tombodu|
Sierra Leone|Kono|Gbane|Mongor Section|Waiyoh|
Sierra Leone|Kono|Gbane|Mongor Section|Wewakor|
Sierra Leone|Kono|Gbane|Mongor Section|Woroma|
Sierra Leone|Kono|Gbane|Mongor Section|Yibema|
Sierra Leone|Kono|Gbane|Mongor Section|Yibendor|
Sierra Leone|Kono|Gbane Kandor|Dambidu Section|Gandu|
Sierra Leone|Kono|Gbane Kandor|Dambidu Section|Gbakodu|
Sierra Leone|Kono|Gbane Kandor|Dambidu Section|Kunteh|
Sierra Leone|Kono|Gbane Kandor|Dambidu Section|Moyima|
Sierra Leone|Kono|Gbane Kandor|Dambidu Section|Yembema|
Sierra Leone|Kono|Gbane Kandor|Gbane Tetehmah Section|Boakoma|
Sierra Leone|Kono|Gbane Kandor|Gbane Tetehmah Section|Fandu|
Sierra Leone|Kono|Gbane Kandor|Gbane Tetehmah Section|Gbaidu|
Sierra Leone|Kono|Gbane Kandor|Gbane Tetehmah Section|Gbangbandor|
Sierra Leone|Kono|Gbane Kandor|Gbane Tetehmah Section|Gbekor|
Sierra Leone|Kono|Gbane Kandor|Gbane Tetehmah Section|Koadu|
Sierra Leone|Kono|Gbane Kandor|Gbane Tetehmah Section|Mano|
Sierra Leone|Kono|Gbane Kandor|Gbane Tetehmah Section|Ndambadu|
Sierra Leone|Kono|Gbane Kandor|Gbaneh Kuor Section|Gbendema|
Sierra Leone|Kono|Gbane Kandor|Gbaneh Kuor Section|Kaadu|
Sierra Leone|Kono|Gbane Kandor|Gbaneh Kuor Section|Puidu|
Sierra Leone|Kono|Gbane Kandor|Gbaneh Kuor Section|Saadu|
Sierra Leone|Kono|Gbane Kandor|Gbaneh Kuor Section|Weapor|
Sierra Leone|Kono|Gbane Kandor|Gbaneh Kuor Section|Yembema|
Sierra Leone|Kono|Gbane Kandor|Gbaneh Kuor Section|Yombadu|
Sierra Leone|Kono|Gbane Kandor|Gbanekandor Section|Dengema|
Sierra Leone|Kono|Gbane Kandor|Gbanekandor Section|Dunamao|
Sierra Leone|Kono|Gbane Kandor|Gbanekandor Section|Fandaa|
Sierra Leone|Kono|Gbane Kandor|Gbanekandor Section|Gbamadu Fao|
Sierra Leone|Kono|Gbane Kandor|Gbanekandor Section|Kambuo|
Sierra Leone|Kono|Gbane Kandor|Gbanekandor Section|Maagbeya|
Sierra Leone|Kono|Gbane Kandor|Gbanekandor Section|Maakor|
Sierra Leone|Kono|Gbane Kandor|Gbanekandor Section|Nyandu|
Sierra Leone|Kono|Gbane Kandor|Gbanekandor Section|Sindadu|
Sierra Leone|Kono|Gbane Kandor|Gbanekandor Section|Teimanden|
Sierra Leone|Kono|Gbane Kandor|Gbanekandor Section|Tiandu|
Sierra Leone|Kono|Gbane Kandor|Gbanekandor Section|Yanfaqueya|
Sierra Leone|Kono|Gbane Kandor|Gbendekor Section|Dambor|
Sierra Leone|Kono|Gbane Kandor|Gbendekor Section|Gbekor|
Sierra Leone|Kono|Gbane Kandor|Gbendekor Section|Nongowa I|
Sierra Leone|Kono|Gbane Kandor|Gbendekor Section|Nongowa II|
Sierra Leone|Kono|Gbane Kandor |Gbaneh Kuor Section|Weapor|
Sierra Leone|Kono|Gbane Kandor |Gbaneh Kuor Section|Yembema|
Sierra Leone|Kono|Gbane Kandor |Gbaneh Kuor Section|Yombadu|
Sierra Leone|Kono|Gbense|Bafinfeh Section|Baadu|
Sierra Leone|Kono|Gbense|Bafinfeh Section|Dunamaor|
Sierra Leone|Kono|Gbense|Bafinfeh Section|Fuindu|
Sierra Leone|Kono|Gbense|Bafinfeh Section|Fuyeor|
Sierra Leone|Kono|Gbense|Bafinfeh Section|Gbanfaor|
Sierra Leone|Kono|Gbense|Bafinfeh Section|Gbangadu|
Sierra Leone|Kono|Gbense|Bafinfeh Section|Kangama|
Sierra Leone|Kono|Gbense|Bafinfeh Section|Kassikorya|
Sierra Leone|Kono|Gbense|Bafinfeh Section|Koakor|
Sierra Leone|Kono|Gbense|Bafinfeh Section|Komandor|
Sierra Leone|Kono|Gbense|Bafinfeh Section|Nyamoyima|
Sierra Leone|Kono|Gbense|Bafinfeh Section|Saifoidu|
Sierra Leone|Kono|Gbense|Bafinfeh Section|Waidu|
Sierra Leone|Kono|Gbense|Bafinfeh Section|Yiegbedaa|
Sierra Leone|Kono|Gbense|Bayafeh Section|Bayama|
Sierra Leone|Kono|Gbense|Bayafeh Section|Bendu III|
Sierra Leone|Kono|Gbense|Bayafeh Section|Bikondu|
Sierra Leone|Kono|Gbense|Bayafeh Section|Bongema Worreh|
Sierra Leone|Kono|Gbense|Bayafeh Section|Borma|
Sierra Leone|Kono|Gbense|Bayafeh Section|Bukuma|
Sierra Leone|Kono|Gbense|Bayafeh Section|Dakafeh|
Sierra Leone|Kono|Gbense|Bayafeh Section|Dandandor|
Sierra Leone|Kono|Gbense|Bayafeh Section|Fuindu|
Sierra Leone|Kono|Gbense|Bayafeh Section|Kamiandor|
Sierra Leone|Kono|Gbense|Bayafeh Section|Kargbadu|
Sierra Leone|Kono|Gbense|Bayafeh Section|Kormandor|
Sierra Leone|Kono|Gbense|Bayafeh Section|Kwidadu|
Sierra Leone|Kono|Gbense|Bayafeh Section|Motema|
Sierra Leone|Kono|Gbense|Bayafeh Section|Simbadu|
Sierra Leone|Kono|Gbense|Bayafeh Section|Tefeya|
Sierra Leone|Kono|Gbense|Bayafeh Section|Yiegbedaa|
Sierra Leone|Kono|Gbense|Bayakor Section|Bendu|
Sierra Leone|Kono|Gbense|Bayakor Section|Chendedu|
Sierra Leone|Kono|Gbense|Bayakor Section|Faadaa|
Sierra Leone|Kono|Gbense|Bayakor Section|Gbangadu|
Sierra Leone|Kono|Gbense|Bayakor Section|Kamaduyawandor|
Sierra Leone|Kono|Gbense|Bayakor Section|Kenedu|
Sierra Leone|Kono|Gbense|Bayakor Section|Kombaya|
Sierra Leone|Kono|Gbense|Bayakor Section|Mbaoma|
Sierra Leone|Kono|Gbense|Bayakor Section|Sukudu|
Sierra Leone|Kono|Gbense|Bayakor Section|Titambaya|
Sierra Leone|Kono|Gbense|Bayakor Section|Yaffandu|
Sierra Leone|Kono|Gbense|Moindefeh Section|Bendu|
Sierra Leone|Kono|Gbense|Moindefeh Section|Benguima|
Sierra Leone|Kono|Gbense|Moindefeh Section|Boroma|
Sierra Leone|Kono|Gbense|Moindefeh Section|Dorma|
Sierra Leone|Kono|Gbense|Moindefeh Section|Fandu|
Sierra Leone|Kono|Gbense|Moindefeh Section|Fuadu|
Sierra Leone|Kono|Gbense|Moindefeh Section|Gbamandu|
Sierra Leone|Kono|Gbense|Moindefeh Section|Kaidu|
Sierra Leone|Kono|Gbense|Moindefeh Section|Kamadu|
Sierra Leone|Kono|Gbense|Moindefeh Section|Kandior|
Sierra Leone|Kono|Gbense|Moindefeh Section|Kissi Town|
Sierra Leone|Kono|Gbense|Moindefeh Section|Kissi Town Boundary|
Sierra Leone|Kono|Gbense|Moindefeh Section|Kissi Town II|
Sierra Leone|Kono|Gbense|Moindefeh Section|Koeyor|
Sierra Leone|Kono|Gbense|Moindefeh Section|Madina|
Sierra Leone|Kono|Gbense|Moindefeh Section|Mansundu|
Sierra Leone|Kono|Gbense|Moindefeh Section|Moigbedu|
Sierra Leone|Kono|Gbense|Moindefeh Section|Morsaydu|
Sierra Leone|Kono|Gbense|Moindefeh Section|Seidu|
Sierra Leone|Kono|Gbense|Moindefeh Section|Simbakor|
Sierra Leone|Kono|Gbense|Moindefeh Section|Sofiedu|
Sierra Leone|Kono|Gbense|Moindefeh Section|Wondedu|
Sierra Leone|Kono|Gbense|Moindefeh Section|Wonsonkongoeyor|
Sierra Leone|Kono|Gbense|Moindefeh Section|Yebendor|
Sierra Leone|Kono|Gbense|Moindekor Section|Bandakor|
Sierra Leone|Kono|Gbense|Moindekor Section|Gbaima|
Sierra Leone|Kono|Gbense|Moindekor Section|Gbekor|
Sierra Leone|Kono|Gbense|Moindekor Section|Jericho|
Sierra Leone|Kono|Gbense|Moindekor Section|Koafuneh|
Sierra Leone|Kono|Gbense|Moindekor Section|Koidu|
Sierra Leone|Kono|Gbense|Moindekor Section|Koidu Waor|
Sierra Leone|Kono|Gbense|Moindekor Section|Kpetema|
Sierra Leone|Kono|Gbense|Moindekor Section|Levuma|
Sierra Leone|Kono|Gbense|Moindekor Section|Manyie Town|
Sierra Leone|Kono|Gbense|Moindekor Section|Mattia Town|
Sierra Leone|Kono|Gbense|Moindekor Section|Mbayoh Town|
Sierra Leone|Kono|Gbense|Moindekor Section|Old Sefadu|
Sierra Leone|Kono|Gbense|Moindekor Section|Penduma|
Sierra Leone|Kono|Gbense|Moindekor Section|Samandu|
Sierra Leone|Kono|Gbense|Moindekor Section|Segbendeh Town|
Sierra Leone|Kono|Gbense|Moindekor Section|Sinnah Town|
Sierra Leone|Kono|Gbense|Moindekor Section|Tansagbaya|
Sierra Leone|Kono|Gbense|Moindekor Section|Teidu|
Sierra Leone|Kono|Gbense|Moindekor Section|Waiyor|
Sierra Leone|Kono|Gbense|Moindekor Section|Yardu|
Sierra Leone|Kono|Gorama Kono|Bunabu Section|Basekoro|
Sierra Leone|Kono|Gorama Kono|Bunabu Section|Bawadu|
Sierra Leone|Kono|Gorama Kono|Bunabu Section|Bunabu|
Sierra Leone|Kono|Gorama Kono|Bunabu Section|Buuma|
Sierra Leone|Kono|Gorama Kono|Bunabu Section|Dawadu|
Sierra Leone|Kono|Gorama Kono|Bunabu Section|Faguya|
Sierra Leone|Kono|Gorama Kono|Bunabu Section|Gandorhun|
Sierra Leone|Kono|Gorama Kono|Bunabu Section|Kabema|
Sierra Leone|Kono|Gorama Kono|Bunabu Section|Kaveyoma|
Sierra Leone|Kono|Gorama Kono|Bunabu Section|Kondeya|
Sierra Leone|Kono|Gorama Kono|Bunabu Section|Konombaoma|
Sierra Leone|Kono|Gorama Kono|Bunabu Section|Kortahun|
Sierra Leone|Kono|Gorama Kono|Bunabu Section|Kpakpakia|
Sierra Leone|Kono|Gorama Kono|Bunabu Section|Kpatema|
Sierra Leone|Kono|Gorama Kono|Bunabu Section|Lungay I|
Sierra Leone|Kono|Gorama Kono|Bunabu Section|Lungay II|
Sierra Leone|Kono|Gorama Kono|Bunabu Section|Matama|
Sierra Leone|Kono|Gorama Kono|Bunabu Section|Mbalebu|
Sierra Leone|Kono|Gorama Kono|Bunabu Section|Mbawemakun|
Sierra Leone|Kono|Gorama Kono|Bunabu Section|Motema|
Sierra Leone|Kono|Gorama Kono|Bunabu Section|Njoporwanhun|
Sierra Leone|Kono|Gorama Kono|Bunabu Section|Nyaimena|
Sierra Leone|Kono|Gorama Kono|Bunabu Section|Palewahun|
Sierra Leone|Kono|Gorama Kono|Bunabu Section|Peima|
Sierra Leone|Kono|Gorama Kono|Bunabu Section|Senehun|
Sierra Leone|Kono|Gorama Kono|Bunabu Section|Tangabu|
Sierra Leone|Kono|Gorama Kono|Bunabu Section|Tearbu|
Sierra Leone|Kono|Gorama Kono|Bunabu Section|Tembeda|
Sierra Leone|Kono|Gorama Kono|Bunabu Section|Yambaya|
Sierra Leone|Kono|Gorama Kono|Kangama Section|Bassikor|
Sierra Leone|Kono|Gorama Kono|Kangama Section|Bukema|
Sierra Leone|Kono|Gorama Kono|Kangama Section|Butao|
Sierra Leone|Kono|Gorama Kono|Kangama Section|Daabu|
Sierra Leone|Kono|Gorama Kono|Kangama Section|Gendama|
Sierra Leone|Kono|Gorama Kono|Kangama Section|Gordie|
Sierra Leone|Kono|Gorama Kono|Kangama Section|Kainjehun|
Sierra Leone|Kono|Gorama Kono|Kangama Section|Kainkordu|
Sierra Leone|Kono|Gorama Kono|Kangama Section|Kangama|
Sierra Leone|Kono|Gorama Kono|Kangama Section|Katawama|
Sierra Leone|Kono|Gorama Kono|Kangama Section|Koogbema|
Sierra Leone|Kono|Gorama Kono|Kangama Section|Kpatao|
Sierra Leone|Kono|Gorama Kono|Kangama Section|Kpatema|
Sierra Leone|Kono|Gorama Kono|Kangama Section|Malema|
Sierra Leone|Kono|Gorama Kono|Kangama Section|Manjama I&2|
Sierra Leone|Kono|Gorama Kono|Kangama Section|Manoh|
Sierra Leone|Kono|Gorama Kono|Kangama Section|Mesende|
Sierra Leone|Kono|Gorama Kono|Kangama Section|Moinmandu|
Sierra Leone|Kono|Gorama Kono|Kangama Section|Ndenderama|
Sierra Leone|Kono|Gorama Kono|Kangama Section|Ngeallah|
Sierra Leone|Kono|Gorama Kono|Kangama Section|Ngiehun|
Sierra Leone|Kono|Gorama Kono|Kangama Section|Ngiema|
Sierra Leone|Kono|Gorama Kono|Kangama Section|Njagborma|
Sierra Leone|Kono|Gorama Kono|Kangama Section|Njageema|
Sierra Leone|Kono|Gorama Kono|Kangama Section|Njagwema|
Sierra Leone|Kono|Gorama Kono|Kangama Section|Njelehun|
Sierra Leone|Kono|Gorama Kono|Kangama Section|Norway|
Sierra Leone|Kono|Gorama Kono|Kangama Section|Nyandehun|
Sierra Leone|Kono|Gorama Kono|Kangama Section|Sawullah|
Sierra Leone|Kono|Gorama Kono|Kangama Section|Sembehun|
Sierra Leone|Kono|Gorama Kono|Kangama Section|Sengema|
Sierra Leone|Kono|Gorama Kono|Kangama Section|Silema|
Sierra Leone|Kono|Gorama Kono|Kangama Section|Tinkonkon|
Sierra Leone|Kono|Gorama Kono|Kangama Section|Tongia|
Sierra Leone|Kono|Gorama Kono|Kangama Section|Worgerma|
Sierra Leone|Kono|Gorama Kono|Selokoma Section|Baama|
Sierra Leone|Kono|Gorama Kono|Selokoma Section|Buuma|
Sierra Leone|Kono|Gorama Kono|Selokoma Section|Foindu|
Sierra Leone|Kono|Gorama Kono|Selokoma Section|Gbengema I|
Sierra Leone|Kono|Gorama Kono|Selokoma Section|Gbengema II|
Sierra Leone|Kono|Gorama Kono|Selokoma Section|Komenday|
Sierra Leone|Kono|Gorama Kono|Selokoma Section|Kwendu|
Sierra Leone|Kono|Gorama Kono|Selokoma Section|Mofindoh|
Sierra Leone|Kono|Gorama Kono|Selokoma Section|Torgbombu|
Sierra Leone|Kono|Gorama Kono|Selokoma Section|Vaama|
Sierra Leone|Kono|Gorama Kono|Selokoma Section|Walehun|
Sierra Leone|Kono|Kamara|Dangbaidu Section|Dangbaidu|
Sierra Leone|Kono|Kamara|Dangbaidu Section|Doechekor|
Sierra Leone|Kono|Kamara|Dangbaidu Section|Foendor|
Sierra Leone|Kono|Kamara|Dangbaidu Section|Gbaima|
Sierra Leone|Kono|Kamara|Dangbaidu Section|Gbangbao|
Sierra Leone|Kono|Kamara|Dangbaidu Section|Kamadu|
Sierra Leone|Kono|Kamara|Dangbaidu Section|Komininja|
Sierra Leone|Kono|Kamara|Dangbaidu Section|Maima I|
Sierra Leone|Kono|Kamara|Dangbaidu Section|Maima II|
Sierra Leone|Kono|Kamara|Dangbaidu Section|Maima III|
Sierra Leone|Kono|Kamara|Dangbaidu Section|Pessimadu|
Sierra Leone|Kono|Kamara|Dangbaidu Section|Yawandor|
Sierra Leone|Kono|Kamara|Dangbaidu Section|Yikuma|
Sierra Leone|Kono|Kamara|Dangbaidu Section|Yombadu|
Sierra Leone|Kono|Kamara|Dangbaidu Section|Yusufuya|
Sierra Leone|Kono|Kamara|Gbondu Section|Bardu|
Sierra Leone|Kono|Kamara|Gbondu Section|Dombadu|
Sierra Leone|Kono|Kamara|Gbondu Section|Dunamao|
Sierra Leone|Kono|Kamara|Gbondu Section|Fawuya|
Sierra Leone|Kono|Kamara|Gbondu Section|Foindu|
Sierra Leone|Kono|Kamara|Gbondu Section|Gbondu|
Sierra Leone|Kono|Kamara|Gbondu Section|Mbaoma|
Sierra Leone|Kono|Kamara|Gbondu Section|Nemesedu|
Sierra Leone|Kono|Kamara|Gbondu Section|Peyima|
Sierra Leone|Kono|Kamara|Gbondu Section|Yardu Senior|
Sierra Leone|Kono|Kamara|Gbondu Section|Yekior|
Sierra Leone|Kono|Kamara|Kongorfinjah Section|Bandakor|
Sierra Leone|Kono|Kamara|Kongorfinjah Section|Bandama|
Sierra Leone|Kono|Kamara|Kongorfinjah Section|Bendu I|
Sierra Leone|Kono|Kamara|Kongorfinjah Section|Bendu II|
Sierra Leone|Kono|Kamara|Kongorfinjah Section|Bongema I|
Sierra Leone|Kono|Kamara|Kongorfinjah Section|Bongema II|
Sierra Leone|Kono|Kamara|Kongorfinjah Section|Daiyor|
Sierra Leone|Kono|Kamara|Kongorfinjah Section|Fandayhun|
Sierra Leone|Kono|Kamara|Kongorfinjah Section|Fendu|
Sierra Leone|Kono|Kamara|Kongorfinjah Section|Fillie Town|
Sierra Leone|Kono|Kamara|Kongorfinjah Section|Helmakono|
Sierra Leone|Kono|Kamara|Kongorfinjah Section|Kamindu|
Sierra Leone|Kono|Kamara|Kongorfinjah Section|Kandaya|
Sierra Leone|Kono|Kamara|Kongorfinjah Section|Koakor|
Sierra Leone|Kono|Kamara|Kongorfinjah Section|Komao|
Sierra Leone|Kono|Kamara|Kongorfinjah Section|Kongorfinjah|
Sierra Leone|Kono|Kamara|Kongorfinjah Section|Kormandor|
Sierra Leone|Kono|Kamara|Kongorfinjah Section|Kormandor I|
Sierra Leone|Kono|Kamara|Kongorfinjah Section|Koyima|
Sierra Leone|Kono|Kamara|Kongorfinjah Section|Kuondor|
Sierra Leone|Kono|Kamara|Kongorfinjah Section|Maakor|
Sierra Leone|Kono|Kamara|Kongorfinjah Section|Manikala|
Sierra Leone|Kono|Kamara|Kongorfinjah Section|Ndambadu II|
Sierra Leone|Kono|Kamara|Kongorfinjah Section|Njala|
Sierra Leone|Kono|Kamara|Kongorfinjah Section|Pengusa|
Sierra Leone|Kono|Kamara|Kongorfinjah Section|Pessimadu|
Sierra Leone|Kono|Kamara|Kongorfinjah Section|Petekoidu|
Sierra Leone|Kono|Kamara|Kongorfinjah Section|Saliya|
Sierra Leone|Kono|Kamara|Kongorfinjah Section|Semeikuidu|
Sierra Leone|Kono|Kamara|Kongorfinjah Section|Sengekor|
Sierra Leone|Kono|Kamara|Kongorfinjah Section|Senjekor|
Sierra Leone|Kono|Kamara|Kongorfinjah Section|Teidu|
Sierra Leone|Kono|Kamara|Kongorfinjah Section|Teseyima|
Sierra Leone|Kono|Kamara|Kongorfinjah Section|Tombodu|
Sierra Leone|Kono|Kamara|Kongorfinjah Section|Yigbedaa|
Sierra Leone|Kono|Kamara|Sukudu Section|Baadu|
Sierra Leone|Kono|Kamara|Sukudu Section|Gbandekordu|
Sierra Leone|Kono|Kamara|Sukudu Section|Koeyor|
Sierra Leone|Kono|Kamara|Sukudu Section|Moindema I|
Sierra Leone|Kono|Kamara|Sukudu Section|Moindema II|
Sierra Leone|Kono|Kamara|Sukudu Section|Ngandiya|
Sierra Leone|Kono|Kamara|Sukudu Section|Sukudu|
Sierra Leone|Kono|Kamara|Sukudu Section|Tayandu|
Sierra Leone|Kono|Kamara|Sukudu Section|Wordu|
Sierra Leone|Kono|Lei|Dea Section|Bongema|
Sierra Leone|Kono|Lei|Dea Section|Dunamaoh|
Sierra Leone|Kono|Lei|Dea Section|Fandu|
Sierra Leone|Kono|Lei|Dea Section|Gbangdu|
Sierra Leone|Kono|Lei|Dea Section|Gbondu|
Sierra Leone|Kono|Lei|Dea Section|Gbonkongor|
Sierra Leone|Kono|Lei|Dea Section|Kanbengu|
Sierra Leone|Kono|Lei|Dea Section|Kemordu|
Sierra Leone|Kono|Lei|Dea Section|Kendemeyle|
Sierra Leone|Kono|Lei|Dea Section|Koakoyima|
Sierra Leone|Kono|Lei|Dea Section|Kpaima|
Sierra Leone|Kono|Lei|Dea Section|Kulumbaya|
Sierra Leone|Kono|Lei|Dea Section|Nelkor|
Sierra Leone|Kono|Lei|Dea Section|Penjidu|
Sierra Leone|Kono|Lei|Dea Section|Teidu|
Sierra Leone|Kono|Lei|Dea Section|Wassaya|
Sierra Leone|Kono|Lei|Dea Section|Workoro|
Sierra Leone|Kono|Lei|Dea Section|Yindimie|
Sierra Leone|Kono|Lei|Kamara Section|Fangamandu|
Sierra Leone|Kono|Lei|Kamara Section|Gbordu|
Sierra Leone|Kono|Lei|Kamara Section|Kisidu|
Sierra Leone|Kono|Lei|Kamara Section|Kongoefeh|
Sierra Leone|Kono|Lei|Kamara Section|Kunundor|
Sierra Leone|Kono|Lei|Kamara Section|Marrah|
Sierra Leone|Kono|Lei|Keinsay Section|Bandadu|
Sierra Leone|Kono|Lei|Keinsay Section|Bateh|
Sierra Leone|Kono|Lei|Keinsay Section|Bayama|
Sierra Leone|Kono|Lei|Keinsay Section|Gborgboma|
Sierra Leone|Kono|Lei|Keinsay Section|Koikor|
Sierra Leone|Kono|Lei|Keinsay Section|Kongorwakor|
Sierra Leone|Kono|Lei|Keinsay Section|Kunandu|
Sierra Leone|Kono|Lei|Keinsay Section|Mankoidu|
Sierra Leone|Kono|Lei|Keinsay Section|Sendekor|
Sierra Leone|Kono|Lei|Keinsay Section|Torwa|
Sierra Leone|Kono|Lei|Keinsay Section|Yarkoi|
Sierra Leone|Kono|Lei|Keinsay Section|Yarmadu|
Sierra Leone|Kono|Lei|Keinsay Section|Yengema|
Sierra Leone|Kono|Lei|Koaro Section|Boroma|
Sierra Leone|Kono|Lei|Koaro Section|Bumpeh|
Sierra Leone|Kono|Lei|Koaro Section|Chimadu|
Sierra Leone|Kono|Lei|Koaro Section|Dea Junction|
Sierra Leone|Kono|Lei|Koaro Section|Fandaa|
Sierra Leone|Kono|Lei|Koaro Section|Fosema|
Sierra Leone|Kono|Lei|Koaro Section|Gbekedala|
Sierra Leone|Kono|Lei|Koaro Section|Kandior|
Sierra Leone|Kono|Lei|Koaro Section|Kassadu|
Sierra Leone|Kono|Lei|Koaro Section|Korgba|
Sierra Leone|Kono|Lei|Koaro Section|Kunundu|
Sierra Leone|Kono|Lei|Koaro Section|Seredu|
Sierra Leone|Kono|Lei|Koaro Section|Yelandu|
Sierra Leone|Kono|Lei|Koaro Section|Yengema|
Sierra Leone|Kono|Lei|Lei Section|Bundiya|
Sierra Leone|Kono|Lei|Lei Section|Kenema|
Sierra Leone|Kono|Lei|Lei Section|Kisidu|
Sierra Leone|Kono|Lei|Lei Section|Komandor|
Sierra Leone|Kono|Lei|Lei Section|Kombayendeh|
Sierra Leone|Kono|Lei|Lei Section|Korkuma|
Sierra Leone|Kono|Lei|Lei Section|Mankongor|
Sierra Leone|Kono|Lei|Lei Section|Peyima|
Sierra Leone|Kono|Lei|Lei Section|Quitima|
Sierra Leone|Kono|Lei|Lei Section|Saiama|
Sierra Leone|Kono|Lei|Lei Section|Somadu|
Sierra Leone|Kono|Lei|Lei Section|Souma|
Sierra Leone|Kono|Lei|Lei Section|Taama|
Sierra Leone|Kono|Lei|Lei Section|Tormandu|
Sierra Leone|Kono|Lei|Lei Section|Tumbaidu|
Sierra Leone|Kono|Lei|Lei Section|Yiema|
Sierra Leone|Kono|Lei|Sandor Section|Bendu|
Sierra Leone|Kono|Lei|Sandor Section|Gbuadaa|
Sierra Leone|Kono|Lei|Sandor Section|Kenewa|
Sierra Leone|Kono|Lei|Sandor Section|Koakor|
Sierra Leone|Kono|Lei|Sandor Section|Koangor|
Sierra Leone|Kono|Lei|Sandor Section|Koema|
Sierra Leone|Kono|Lei|Sandor Section|Konero|
Sierra Leone|Kono|Lei|Sandor Section|Teibor|
Sierra Leone|Kono|Lei|Sandor Section|Yawandor|
Sierra Leone|Kono|Lei|Sangbadaa Section|Foakor|
Sierra Leone|Kono|Lei|Sangbadaa Section|Komandu|
Sierra Leone|Kono|Lei|Sangbadaa Section|Nyandawao|
Sierra Leone|Kono|Lei|Sangbadaa Section|Saiama II|
Sierra Leone|Kono|Lei|Sangbadaa Section|Yambaro|
Sierra Leone|Kono|Lei|Tankoro Section|Basikor|
Sierra Leone|Kono|Lei|Tankoro Section|Bauya|
Sierra Leone|Kono|Lei|Tankoro Section|Bomboro|
Sierra Leone|Kono|Lei|Tankoro Section|Feroh|
Sierra Leone|Kono|Lei|Tankoro Section|Foraya|
Sierra Leone|Kono|Lei|Tankoro Section|Kaliya I|
Sierra Leone|Kono|Lei|Tankoro Section|Kaliya II|
Sierra Leone|Kono|Lei|Tankoro Section|Kenema|
Sierra Leone|Kono|Lei|Tankoro Section|Kisi Town|
Sierra Leone|Kono|Lei|Tankoro Section|Mangadu|
Sierra Leone|Kono|Lei|Tankoro Section|Quinyindor|
Sierra Leone|Kono|Lei|Tankoro Section|Samie|
Sierra Leone|Kono|Lei|Tankoro Section|Senehun|
Sierra Leone|Kono|Lei|Tankoro Section|Teibonden|
Sierra Leone|Kono|Lei|Tankoro Section|Wanjama|
Sierra Leone|Kono|Lei|Tankoro Section|Wordu|
Sierra Leone|Kono|Lei|Tankoro Section|Yangadu|
Sierra Leone|Kono|Lei|Tankoro Section|Yendama|
Sierra Leone|Kono|Lei|Yawai Section|Bendu|
Sierra Leone|Kono|Lei|Yawai Section|Fuero|
Sierra Leone|Kono|Lei|Yawai Section|Kumbordu|
Sierra Leone|Kono|Lei|Yawai Section|Kwaykuma|
Sierra Leone|Kono|Lei|Yawai Section|Leiwa|
Sierra Leone|Kono|Lei|Yawai Section|Mbaoma|
Sierra Leone|Kono|Lei|Yawai Section|Nongowa|
Sierra Leone|Kono|Lei|Yawai Section|Penduma|
Sierra Leone|Kono|Lei|Yawai Section|Pengidu|
Sierra Leone|Kono|Lei|Yawai Section|Wondedu|
Sierra Leone|Kono|Lei|Yawai Section|Yalandu|
Sierra Leone|Kono|Lei|Yawai Section|Yawandor|
Sierra Leone|Kono|Mafindor|Kamiendor Section|Boroma|
Sierra Leone|Kono|Mafindor|Kamiendor Section|Densembadu|
Sierra Leone|Kono|Mafindor|Kamiendor Section|Falema|
Sierra Leone|Kono|Mafindor|Kamiendor Section|Gbangbatu|
Sierra Leone|Kono|Mafindor|Kamiendor Section|Hunvelleh|
Sierra Leone|Kono|Mafindor|Kamiendor Section|Kaagbadu|
Sierra Leone|Kono|Mafindor|Kamiendor Section|Kamiendor|
Sierra Leone|Kono|Mafindor|Kamiendor Section|Kesseneh|
Sierra Leone|Kono|Mafindor|Kamiendor Section|Nyamandu|
Sierra Leone|Kono|Mafindor|Kamiendor Section|Nyeingbefeh|
Sierra Leone|Kono|Mafindor|Kamiendor Section|Tombondu|
Sierra Leone|Kono|Mafindor|Kutay Section|Boidu|
Sierra Leone|Kono|Mafindor|Kutay Section|Dendorbengu|
Sierra Leone|Kono|Mafindor|Kutay Section|Dengedu|
Sierra Leone|Kono|Mafindor|Kutay Section|Fandu|
Sierra Leone|Kono|Mafindor|Kutay Section|Gbagbabengu|
Sierra Leone|Kono|Mafindor|Kutay Section|Gbegbekor|
Sierra Leone|Kono|Mafindor|Kutay Section|Gbekoro|
Sierra Leone|Kono|Mafindor|Kutay Section|Gbendadu|
Sierra Leone|Kono|Mafindor|Kutay Section|Gbuledu|
Sierra Leone|Kono|Mafindor|Kutay Section|Kaadu|
Sierra Leone|Kono|Mafindor|Kutay Section|Kaylaydu|
Sierra Leone|Kono|Mafindor|Kutay Section|Koindu|
Sierra Leone|Kono|Mafindor|Kutay Section|Komadu|
Sierra Leone|Kono|Mafindor|Kutay Section|Kombondu|
Sierra Leone|Kono|Mafindor|Kutay Section|Kongorma|
Sierra Leone|Kono|Mafindor|Kutay Section|London|
Sierra Leone|Kono|Mafindor|Kutay Section|New Kenema|
Sierra Leone|Kono|Mafindor|Kutay Section|Sandia|
Sierra Leone|Kono|Mafindor|Kutay Section|Sengema|
Sierra Leone|Kono|Mafindor|Kutay Section|Sofedu|
Sierra Leone|Kono|Mafindor|Kutay Section|Sosuadu|
Sierra Leone|Kono|Mafindor|Kutay Section|Tangabu|
Sierra Leone|Kono|Mafindor|Kutay Section|Tofawonden|
Sierra Leone|Kono|Mafindor|Kutay Section|Wassaya|
Sierra Leone|Kono|Mafindor|Kutay Section|Yormaadu|
Sierra Leone|Kono|Mafindor|Mafindor Section|Bongema|
Sierra Leone|Kono|Mafindor|Mafindor Section|Borolor|
Sierra Leone|Kono|Mafindor|Mafindor Section|Keledu|
Sierra Leone|Kono|Mafindor|Mafindor Section|Koidu Sndebengu|
Sierra Leone|Kono|Mafindor|Mafindor Section|Kolobengu|
Sierra Leone|Kono|Mafindor|Mafindor Section|Marrah|
Sierra Leone|Kono|Mafindor|Mafindor Section|Ndeima|
Sierra Leone|Kono|Mafindor|Mafindor Section|Nyandawao|
Sierra Leone|Kono|Mafindor|Mafindor Section|Sagbawa|
Sierra Leone|Kono|Mafindor|Mafindor Section|Sambaya|
Sierra Leone|Kono|Mafindor|Mafindor Section|Temessadu|
Sierra Leone|Kono|Mafindor|Mafindor Section|Tintor|
Sierra Leone|Kono|Mafindor|Mafindor Section|Tombodu|
Sierra Leone|Kono|Mafindor|Mafindor Section|Tormandu|
Sierra Leone|Kono|Mafindor|Mafindor Section|Workor|
Sierra Leone|Kono|Mafindor|Mafindor Section|Yardu|
Sierra Leone|Kono|Nimikoro|Bafinfeh Section|Dembema|
Sierra Leone|Kono|Nimikoro|Bafinfeh Section|Fembeya|
Sierra Leone|Kono|Nimikoro|Bafinfeh Section|Gbekor|
Sierra Leone|Kono|Nimikoro|Bafinfeh Section|Gborkodor|
Sierra Leone|Kono|Nimikoro|Bafinfeh Section|Helmakono|
Sierra Leone|Kono|Nimikoro|Bafinfeh Section|Kamadu|
Sierra Leone|Kono|Nimikoro|Bafinfeh Section|Kamdonkeya|
Sierra Leone|Kono|Nimikoro|Bafinfeh Section|Kissy Town|
Sierra Leone|Kono|Nimikoro|Bafinfeh Section|Koakor|
Sierra Leone|Kono|Nimikoro|Bafinfeh Section|Kongorwakor|
Sierra Leone|Kono|Nimikoro|Bafinfeh Section|Levuma|
Sierra Leone|Kono|Nimikoro|Bafinfeh Section|Ngandonde|
Sierra Leone|Kono|Nimikoro|Bafinfeh Section|Njafoidu|
Sierra Leone|Kono|Nimikoro|Bafinfeh Section|Old Mansundu|
Sierra Leone|Kono|Nimikoro|Bafinfeh Section|Patama|
Sierra Leone|Kono|Nimikoro|Bafinfeh Section|Queiboiya I|
Sierra Leone|Kono|Nimikoro|Bafinfeh Section|Queiboiya II|
Sierra Leone|Kono|Nimikoro|Bafinfeh Section|Seidu|
Sierra Leone|Kono|Nimikoro|Bafinfeh Section|Semabu|
Sierra Leone|Kono|Nimikoro|Bafinfeh Section|Tongoma|
Sierra Leone|Kono|Nimikoro|Bafinfeh Section|Waiwaima|
Sierra Leone|Kono|Nimikoro|Bafinfeh Section|Yichimadaa|
Sierra Leone|Kono|Nimikoro|Bandafafeh Section|Baadu|
Sierra Leone|Kono|Nimikoro|Bandafafeh Section|Bandafadaa|
Sierra Leone|Kono|Nimikoro|Bandafafeh Section|Bandafayie|
Sierra Leone|Kono|Nimikoro|Bandafafeh Section|Bendu III|
Sierra Leone|Kono|Nimikoro|Bandafafeh Section|Bondorfulahun|
Sierra Leone|Kono|Nimikoro|Bandafafeh Section|Boroma|
Sierra Leone|Kono|Nimikoro|Bandafafeh Section|Fakoya|
Sierra Leone|Kono|Nimikoro|Bandafafeh Section|Gbakior|
Sierra Leone|Kono|Nimikoro|Bandafafeh Section|Gbayidu|
Sierra Leone|Kono|Nimikoro|Bandafafeh Section|Joe Town|
Sierra Leone|Kono|Nimikoro|Bandafafeh Section|Kabokaya|
Sierra Leone|Kono|Nimikoro|Bandafafeh Section|Kaminchendeya|
Sierra Leone|Kono|Nimikoro|Bandafafeh Section|Kamindu|
Sierra Leone|Kono|Nimikoro|Bandafafeh Section|Koekor|
Sierra Leone|Kono|Nimikoro|Bandafafeh Section|Koleya|
Sierra Leone|Kono|Nimikoro|Bandafafeh Section|Konodu|
Sierra Leone|Kono|Nimikoro|Bandafafeh Section|Mbaoma I|
Sierra Leone|Kono|Nimikoro|Bandafafeh Section|Mondeya|
Sierra Leone|Kono|Nimikoro|Bandafafeh Section|Motema|
Sierra Leone|Kono|Nimikoro|Bandafafeh Section|Ngaiya|
Sierra Leone|Kono|Nimikoro|Bandafafeh Section|Njama|
Sierra Leone|Kono|Nimikoro|Bandafafeh Section|Norway|
Sierra Leone|Kono|Nimikoro|Bandafafeh Section|Nyanjidaa|
Sierra Leone|Kono|Nimikoro|Bandafafeh Section|Pewahun|
Sierra Leone|Kono|Nimikoro|Bandafafeh Section|Peyima|
Sierra Leone|Kono|Nimikoro|Bandafafeh Section|Sangbabao|
Sierra Leone|Kono|Nimikoro|Bandafafeh Section|Sawakor|
Sierra Leone|Kono|Nimikoro|Bandafafeh Section|Simbakoro|
Sierra Leone|Kono|Nimikoro|Bandafafeh Section|Tongbodu I|
Sierra Leone|Kono|Nimikoro|Bandafafeh Section|Tongbondu II|
Sierra Leone|Kono|Nimikoro|Bandafafeh Section|Woadeh|
Sierra Leone|Kono|Nimikoro|Bandafafeh Section|Wordu|
Sierra Leone|Kono|Nimikoro|Bandafafeh Section|Yengema|
Sierra Leone|Kono|Nimikoro|Gbogboafeh Section|Bakidu|
Sierra Leone|Kono|Nimikoro|Gbogboafeh Section|Benduma|
Sierra Leone|Kono|Nimikoro|Gbogboafeh Section|Buaya|
Sierra Leone|Kono|Nimikoro|Gbogboafeh Section|Chanjadu|
Sierra Leone|Kono|Nimikoro|Gbogboafeh Section|Fodaydu|
Sierra Leone|Kono|Nimikoro|Gbogboafeh Section|Futingaya|
Sierra Leone|Kono|Nimikoro|Gbogboafeh Section|Kandaya|
Sierra Leone|Kono|Nimikoro|Gbogboafeh Section|Kawama|
Sierra Leone|Kono|Nimikoro|Gbogboafeh Section|Komao|
Sierra Leone|Kono|Nimikoro|Gbogboafeh Section|Kwidu|
Sierra Leone|Kono|Nimikoro|Gbogboafeh Section|Mamu|
Sierra Leone|Kono|Nimikoro|Gbogboafeh Section|Manbudu|
Sierra Leone|Kono|Nimikoro|Gbogboafeh Section|Mbaoma|
Sierra Leone|Kono|Nimikoro|Gbogboafeh Section|Mofindor|
Sierra Leone|Kono|Nimikoro|Gbogboafeh Section|Njagbwema|
Sierra Leone|Kono|Nimikoro|Gbogboafeh Section|Nyimbadu|
Sierra Leone|Kono|Nimikoro|Gbogboafeh Section|Sagbeh|
Sierra Leone|Kono|Nimikoro|Gbogboafeh Section|Titambaya|
Sierra Leone|Kono|Nimikoro|Gbogboafeh Section|Yiema|
Sierra Leone|Kono|Nimikoro|Gbogboafeh Section|Yigbeda|
Sierra Leone|Kono|Nimikoro|Jaiama Section|Baidu I|
Sierra Leone|Kono|Nimikoro|Jaiama Section|Baidu II|
Sierra Leone|Kono|Nimikoro|Jaiama Section|Bakuya|
Sierra Leone|Kono|Nimikoro|Jaiama Section|Bandakor|
Sierra Leone|Kono|Nimikoro|Jaiama Section|Bendu|
Sierra Leone|Kono|Nimikoro|Jaiama Section|Bo|
Sierra Leone|Kono|Nimikoro|Jaiama Section|Bonade|
Sierra Leone|Kono|Nimikoro|Jaiama Section|Bongema I|
Sierra Leone|Kono|Nimikoro|Jaiama Section|Bongema II|
Sierra Leone|Kono|Nimikoro|Jaiama Section|Borbu|
Sierra Leone|Kono|Nimikoro|Jaiama Section|Boya|
Sierra Leone|Kono|Nimikoro|Jaiama Section|Bumpeh|
Sierra Leone|Kono|Nimikoro|Jaiama Section|Butao I|
Sierra Leone|Kono|Nimikoro|Jaiama Section|Butao II|
Sierra Leone|Kono|Nimikoro|Jaiama Section|Deny Town|
Sierra Leone|Kono|Nimikoro|Jaiama Section|Dunamor|
Sierra Leone|Kono|Nimikoro|Jaiama Section|Fandehun|
Sierra Leone|Kono|Nimikoro|Jaiama Section|Fanema|
Sierra Leone|Kono|Nimikoro|Jaiama Section|Fenima|
Sierra Leone|Kono|Nimikoro|Jaiama Section|Foakor|
Sierra Leone|Kono|Nimikoro|Jaiama Section|Fuadu|
Sierra Leone|Kono|Nimikoro|Jaiama Section|Gbetema|
Sierra Leone|Kono|Nimikoro|Jaiama Section|Gbetewama|
Sierra Leone|Kono|Nimikoro|Jaiama Section|Gbusudu|
Sierra Leone|Kono|Nimikoro|Jaiama Section|Kissi Town|
Sierra Leone|Kono|Nimikoro|Jaiama Section|Koakor|
Sierra Leone|Kono|Nimikoro|Jaiama Section|Kuakuma|
Sierra Leone|Kono|Nimikoro|Jaiama Section|Kunundu|
Sierra Leone|Kono|Nimikoro|Jaiama Section|Makoma|
Sierra Leone|Kono|Nimikoro|Jaiama Section|Manboma|
Sierra Leone|Kono|Nimikoro|Jaiama Section|Matama|
Sierra Leone|Kono|Nimikoro|Jaiama Section|Mattru|
Sierra Leone|Kono|Nimikoro|Jaiama Section|Mende|
Sierra Leone|Kono|Nimikoro|Jaiama Section|Motema|
Sierra Leone|Kono|Nimikoro|Jaiama Section|Ndoryorbo|
Sierra Leone|Kono|Nimikoro|Jaiama Section|Ngeihun|
Sierra Leone|Kono|Nimikoro|Jaiama Section|Njala|
Sierra Leone|Kono|Nimikoro|Jaiama Section|Njalihun|
Sierra Leone|Kono|Nimikoro|Jaiama Section|Nyamundu|
Sierra Leone|Kono|Nimikoro|Jaiama Section|Nyandeama|
Sierra Leone|Kono|Nimikoro|Jaiama Section|Nyandehun|
Sierra Leone|Kono|Nimikoro|Jaiama Section|Pouma|
Sierra Leone|Kono|Nimikoro|Jaiama Section|Sabekor|
Sierra Leone|Kono|Nimikoro|Jaiama Section|Sembehun|
Sierra Leone|Kono|Nimikoro|Jaiama Section|Tangabu|
Sierra Leone|Kono|Nimikoro|Jaiama Section|Wanjama|
Sierra Leone|Kono|Nimikoro|Jaiama Section|Waterloo|
Sierra Leone|Kono|Nimikoro|Jaiama Section|Wondema|
Sierra Leone|Kono|Nimikoro|Jaiama Section|Wongoama|
Sierra Leone|Kono|Nimikoro|Jaiama Section|Yendema|
Sierra Leone|Kono|Nimikoro|Jaiama Section|Yibendor I|
Sierra Leone|Kono|Nimikoro|Jaiama Section|Yibendor II|
Sierra Leone|Kono|Nimikoro|Mansayifeh Section|Bandadu|
Sierra Leone|Kono|Nimikoro|Mansayifeh Section|Bandama|
Sierra Leone|Kono|Nimikoro|Mansayifeh Section|Batteh|
Sierra Leone|Kono|Nimikoro|Mansayifeh Section|Buaya|
Sierra Leone|Kono|Nimikoro|Mansayifeh Section|Gbokiya|
Sierra Leone|Kono|Nimikoro|Mansayifeh Section|Gondama|
Sierra Leone|Kono|Nimikoro|Mansayifeh Section|Kpetema|
Sierra Leone|Kono|Nimikoro|Mansayifeh Section|Madidu|
Sierra Leone|Kono|Nimikoro|Mansayifeh Section|Njagbwema|
Sierra Leone|Kono|Nimikoro|Mansayifeh Section|Nyeyama|
Sierra Leone|Kono|Nimikoro|Mansayifeh Section|Sagbeh|
Sierra Leone|Kono|Nimikoro|Mansayifeh Section|Sahr Fillie Town|
Sierra Leone|Kono|Nimikoro|Mansayifeh Section|Semenekor|
Sierra Leone|Kono|Nimikoro|Mansayifeh Section|Senjekor|
Sierra Leone|Kono|Nimikoro|Mansayifeh Section|Teoma|
Sierra Leone|Kono|Nimikoro|Mansayifeh Section|vaama|
Sierra Leone|Kono|Nimikoro|Mansayifeh Section|Yaubu|
Sierra Leone|Kono|Nimiyama|Bafinfeh Section|Bendu|
Sierra Leone|Kono|Nimiyama|Bafinfeh Section|Bombakonaya|
Sierra Leone|Kono|Nimiyama|Bafinfeh Section|Condama|
Sierra Leone|Kono|Nimiyama|Bafinfeh Section|Kangama|
Sierra Leone|Kono|Nimiyama|Bafinfeh Section|Kanjadu|
Sierra Leone|Kono|Nimiyama|Bafinfeh Section|Kpataru|
Sierra Leone|Kono|Nimiyama|Bafinfeh Section|Kundukoro|
Sierra Leone|Kono|Nimiyama|Bafinfeh Section|Levuma|
Sierra Leone|Kono|Nimiyama|Bafinfeh Section|Louma|
Sierra Leone|Kono|Nimiyama|Bafinfeh Section|Maduya|
Sierra Leone|Kono|Nimiyama|Bafinfeh Section|Masabendu|
Sierra Leone|Kono|Nimiyama|Bafinfeh Section|Motema|
Sierra Leone|Kono|Nimiyama|Bafinfeh Section|Ngeiya|
Sierra Leone|Kono|Nimiyama|Bafinfeh Section|Njala|
Sierra Leone|Kono|Nimiyama|Bafinfeh Section|Saiama|
Sierra Leone|Kono|Nimiyama|Bafinfeh Section|Sembehun|
Sierra Leone|Kono|Nimiyama|Bafinfeh Section|Sunbedu|
Sierra Leone|Kono|Nimiyama|Bafinfeh Section|Tembedu|
Sierra Leone|Kono|Nimiyama|Bafinfeh Section|Tuiyor|
Sierra Leone|Kono|Nimiyama|Bafinfeh Section|Venima|
Sierra Leone|Kono|Nimiyama|Bafinfeh Section|Yagbeya|
Sierra Leone|Kono|Nimiyama|Njagbakahun Section|Bongoya|
Sierra Leone|Kono|Nimiyama|Njagbakahun Section|Fandehun|
Sierra Leone|Kono|Nimiyama|Njagbakahun Section|Gbunduru|
Sierra Leone|Kono|Nimiyama|Njagbakahun Section|Komandokor|
Sierra Leone|Kono|Nimiyama|Njagbakahun Section|Largor|
Sierra Leone|Kono|Nimiyama|Njagbakahun Section|Lembema|
Sierra Leone|Kono|Nimiyama|Njagbakahun Section|Madina|
Sierra Leone|Kono|Nimiyama|Njagbakahun Section|Motema|
Sierra Leone|Kono|Nimiyama|Njagbakahun Section|Ndorgboya|
Sierra Leone|Kono|Nimiyama|Njagbakahun Section|Ngo Town|
Sierra Leone|Kono|Nimiyama|Njagbakahun Section|Njagbema|
Sierra Leone|Kono|Nimiyama|Njagbakahun Section|Walihun|
Sierra Leone|Kono|Nimiyama|Njagbakahun Section|Yormanja|
Sierra Leone|Kono|Nimiyama|Njaiafeh Section|Basaya|
Sierra Leone|Kono|Nimiyama|Njaiafeh Section|Kamandaya|
Sierra Leone|Kono|Nimiyama|Njaiafeh Section|Konokandu|
Sierra Leone|Kono|Nimiyama|Njaiafeh Section|Madina|
Sierra Leone|Kono|Nimiyama|Njaiafeh Section|Mondeya|
Sierra Leone|Kono|Nimiyama|Njaiafeh Section|Ngawama|
Sierra Leone|Kono|Nimiyama|Njaiafeh Section|Njoporwahun|
Sierra Leone|Kono|Nimiyama|Njaiafeh Section|Nyandehun|
Sierra Leone|Kono|Nimiyama|Njaiafeh Section|Quidu|
Sierra Leone|Kono|Nimiyama|Njaiafeh Section|Samunkaya|
Sierra Leone|Kono|Nimiyama|Njaiafeh Section|Sendekor|
Sierra Leone|Kono|Nimiyama|Njaiafeh Section|Sewafeh|
Sierra Leone|Kono|Nimiyama|Njaiafeh Section|Teikor|
Sierra Leone|Kono|Nimiyama|Njaiafeh Section|Tombodu|
Sierra Leone|Kono|Nimiyama|Peyifeh Section|Baima|
Sierra Leone|Kono|Nimiyama|Peyifeh Section|Bo|
Sierra Leone|Kono|Nimiyama|Peyifeh Section|Dombadu|
Sierra Leone|Kono|Nimiyama|Peyifeh Section|Gbetema|
Sierra Leone|Kono|Nimiyama|Peyifeh Section|Konsoya|
Sierra Leone|Kono|Nimiyama|Peyifeh Section|Mbaoma|
Sierra Leone|Kono|Nimiyama|Peyifeh Section|Meiya|
Sierra Leone|Kono|Nimiyama|Peyifeh Section|Peya|
Sierra Leone|Kono|Nimiyama|Peyifeh Section|Sandu|
Sierra Leone|Kono|Nimiyama|Peyifeh Section|Teibor|
Sierra Leone|Kono|Nimiyama|Taama Forest Section|Bomboafoedu|
Sierra Leone|Kono|Nimiyama|Taama Forest Section|Duyengeh|
Sierra Leone|Kono|Nimiyama|Taama Forest Section|Fenka|
Sierra Leone|Kono|Nimiyama|Taama Forest Section|Madina|
Sierra Leone|Kono|Nimiyama|Taama Forest Section|Mengbeya|
Sierra Leone|Kono|Nimiyama|Taama Forest Section|Nyanquia I|
Sierra Leone|Kono|Nimiyama|Taama Forest Section|Nyanquia II|
Sierra Leone|Kono|Nimiyama|Taama Forest Section|Sandia|
Sierra Leone|Kono|Nimiyama|Taama Forest Section|Senjekor|
Sierra Leone|Kono|Nimiyama|Taama Forest Section|Wotou|
Sierra Leone|Kono|Sandor|Bafinfeh Section|Bakidu|
Sierra Leone|Kono|Sandor|Bafinfeh Section|Bendu I|
Sierra Leone|Kono|Sandor|Bafinfeh Section|Bendu II|
Sierra Leone|Kono|Sandor|Bafinfeh Section|Bendu III|
Sierra Leone|Kono|Sandor|Bafinfeh Section|Bongema|
Sierra Leone|Kono|Sandor|Bafinfeh Section|Bumpeh|
Sierra Leone|Kono|Sandor|Bafinfeh Section|Daiyor|
Sierra Leone|Kono|Sandor|Bafinfeh Section|Dandayardu|
Sierra Leone|Kono|Sandor|Bafinfeh Section|Foakor|
Sierra Leone|Kono|Sandor|Bafinfeh Section|Foyofaya|
Sierra Leone|Kono|Sandor|Bafinfeh Section|Gbamundu|
Sierra Leone|Kono|Sandor|Bafinfeh Section|Gbayorkodu|
Sierra Leone|Kono|Sandor|Bafinfeh Section|Gbenkor|
Sierra Leone|Kono|Sandor|Bafinfeh Section|Gbetema|
Sierra Leone|Kono|Sandor|Bafinfeh Section|Kainbadu|
Sierra Leone|Kono|Sandor|Bafinfeh Section|Kamayima|
Sierra Leone|Kono|Sandor|Bafinfeh Section|Kambaya|
Sierra Leone|Kono|Sandor|Bafinfeh Section|Kanama|
Sierra Leone|Kono|Sandor|Bafinfeh Section|Kandaya|
Sierra Leone|Kono|Sandor|Bafinfeh Section|Kanjadu|
Sierra Leone|Kono|Sandor|Bafinfeh Section|Koidusandor|
Sierra Leone|Kono|Sandor|Bafinfeh Section|Kongogbadu|
Sierra Leone|Kono|Sandor|Bafinfeh Section|Kongorfinjah|
Sierra Leone|Kono|Sandor|Bafinfeh Section|Kormandor|
Sierra Leone|Kono|Sandor|Bafinfeh Section|Kundorma|
Sierra Leone|Kono|Sandor|Bafinfeh Section|Levuma|
Sierra Leone|Kono|Sandor|Bafinfeh Section|Madina|
Sierra Leone|Kono|Sandor|Bafinfeh Section|Mansundu|
Sierra Leone|Kono|Sandor|Bafinfeh Section|Motemande|
Sierra Leone|Kono|Sandor|Bafinfeh Section|Musaya|
Sierra Leone|Kono|Sandor|Bafinfeh Section|Njagbwema|
Sierra Leone|Kono|Sandor|Bafinfeh Section|Senjekor|
Sierra Leone|Kono|Sandor|Bafinfeh Section|Tegbadu|
Sierra Leone|Kono|Sandor|Bafinfeh Section|Tombu|
Sierra Leone|Kono|Sandor|Bafinfeh Section|Workor|
Sierra Leone|Kono|Sandor|Bafinfeh Section|Woryidaa|
Sierra Leone|Kono|Sandor|Bafinfeh Section|Yardu|
Sierra Leone|Kono|Sandor|Bafinfeh Section|Yengemasandor|
Sierra Leone|Kono|Sandor|Bafinfeh Section|Yorkordu|
Sierra Leone|Kono|Sandor|Bafinfeh Section|Yormandu|
Sierra Leone|Kono|Sandor|Dangbaidu Section|Bagbema|
Sierra Leone|Kono|Sandor|Dangbaidu Section|Bendu|
Sierra Leone|Kono|Sandor|Dangbaidu Section|Bongema|
Sierra Leone|Kono|Sandor|Dangbaidu Section|Bongendaa|
Sierra Leone|Kono|Sandor|Dangbaidu Section|Dugbema|
Sierra Leone|Kono|Sandor|Dangbaidu Section|Dunamao|
Sierra Leone|Kono|Sandor|Dangbaidu Section|Fenima|
Sierra Leone|Kono|Sandor|Dangbaidu Section|Foeboma|
Sierra Leone|Kono|Sandor|Dangbaidu Section|Gbanbiadu|
Sierra Leone|Kono|Sandor|Dangbaidu Section|Kondama|
Sierra Leone|Kono|Sandor|Dangbaidu Section|Kondeya|
Sierra Leone|Kono|Sandor|Dangbaidu Section|Kwikuma|
Sierra Leone|Kono|Sandor|Dangbaidu Section|Kwiyadu|
Sierra Leone|Kono|Sandor|Dangbaidu Section|Mbaoma II|
Sierra Leone|Kono|Sandor|Dangbaidu Section|MbaomaI|
Sierra Leone|Kono|Sandor|Dangbaidu Section|Senjekor|
Sierra Leone|Kono|Sandor|Dangbaidu Section|Sinbakoro|
Sierra Leone|Kono|Sandor|Dangbaidu Section|Singbenja|
Sierra Leone|Kono|Sandor|Dangbaidu Section|Tabema|
Sierra Leone|Kono|Sandor|Dangbaidu Section|Tefeya|
Sierra Leone|Kono|Sandor|Dangbaidu Section|Tikonkor|
Sierra Leone|Kono|Sandor|Dangbaidu Section|Waida|
Sierra Leone|Kono|Sandor|Dangbaidu Section|Yardu|
Sierra Leone|Kono|Sandor|Dangbaidu Section|Yigbedaa|
Sierra Leone|Kono|Sandor|Fakongor Section|Dugbema|
Sierra Leone|Kono|Sandor|Fakongor Section|Falah|
Sierra Leone|Kono|Sandor|Fakongor Section|Gbeaya|
Sierra Leone|Kono|Sandor|Fakongor Section|Kassadu|
Sierra Leone|Kono|Sandor|Fakongor Section|Koafuni|
Sierra Leone|Kono|Sandor|Fakongor Section|Koindu|
Sierra Leone|Kono|Sandor|Fakongor Section|Somafema|
Sierra Leone|Kono|Sandor|Fakongor Section|Yengema|
Sierra Leone|Kono|Sandor|Kawafeh Section|Bangaidu|
Sierra Leone|Kono|Sandor|Kawafeh Section|Bongema|
Sierra Leone|Kono|Sandor|Kawafeh Section|Bonondor|
Sierra Leone|Kono|Sandor|Kawafeh Section|Daiyor 1|
Sierra Leone|Kono|Sandor|Kawafeh Section|Daiyor II|
Sierra Leone|Kono|Sandor|Kawafeh Section|Fabandu|
Sierra Leone|Kono|Sandor|Kawafeh Section|Fanema|
Sierra Leone|Kono|Sandor|Kawafeh Section|Fuidu|
Sierra Leone|Kono|Sandor|Kawafeh Section|Helmakonu|
Sierra Leone|Kono|Sandor|Kawafeh Section|Kawama|
Sierra Leone|Kono|Sandor|Kawafeh Section|Kondeya|
Sierra Leone|Kono|Sandor|Kawafeh Section|Kongoadu|
Sierra Leone|Kono|Sandor|Kawafeh Section|Kongorfinkor|
Sierra Leone|Kono|Sandor|Kawafeh Section|Kwiya|
Sierra Leone|Kono|Sandor|Kawafeh Section|Mbaoma|
Sierra Leone|Kono|Sandor|Kawafeh Section|Modekaiyamadu|
Sierra Leone|Kono|Sandor|Kawafeh Section|Morchinie|
Sierra Leone|Kono|Sandor|Kawafeh Section|Powuma|
Sierra Leone|Kono|Sandor|Kawafeh Section|Sakamadu|
Sierra Leone|Kono|Sandor|Kawafeh Section|Sekoya|
Sierra Leone|Kono|Sandor|Kawafeh Section|Somoyah|
Sierra Leone|Kono|Sandor|Kawafeh Section|Teiyah|
Sierra Leone|Kono|Sandor|Kawafeh Section|Wonah|
Sierra Leone|Kono|Sandor|Kawafeh Section|Yuya|
Sierra Leone|Kono|Sandor|Njeikor Section|Bakondeya|
Sierra Leone|Kono|Sandor|Njeikor Section|Bendu|
Sierra Leone|Kono|Sandor|Njeikor Section|Bosaya I|
Sierra Leone|Kono|Sandor|Njeikor Section|Bosaya III|
Sierra Leone|Kono|Sandor|Njeikor Section|Daiyor|
Sierra Leone|Kono|Sandor|Njeikor Section|Gbamundu|
Sierra Leone|Kono|Sandor|Njeikor Section|Gbensendor|
Sierra Leone|Kono|Sandor|Njeikor Section|Kangbaor|
Sierra Leone|Kono|Sandor|Njeikor Section|Kombabaadu|
Sierra Leone|Kono|Sandor|Njeikor Section|Kongbidu|
Sierra Leone|Kono|Sandor|Njeikor Section|Koyah|
Sierra Leone|Kono|Sandor|Njeikor Section|Kwikuma|
Sierra Leone|Kono|Sandor|Njeikor Section|London|
Sierra Leone|Kono|Sandor|Njeikor Section|Peyimande|
Sierra Leone|Kono|Sandor|Njeikor Section|Sandu|
Sierra Leone|Kono|Sandor|Njeikor Section|Yarbaiya|
Sierra Leone|Kono|Sandor|Njeikor Section|Yardugbendema|
Sierra Leone|Kono|Sandor|Sangbafeh Section|Dakaor|
Sierra Leone|Kono|Sandor|Sangbafeh Section|Kafaidu|
Sierra Leone|Kono|Sandor|Sangbafeh Section|Kaikudu|
Sierra Leone|Kono|Sandor|Sangbafeh Section|Kindiya|
Sierra Leone|Kono|Sandor|Sangbafeh Section|Kocheo|
Sierra Leone|Kono|Sandor|Sangbafeh Section|Koidunde|
Sierra Leone|Kono|Sandor|Sangbafeh Section|Kondeya I|
Sierra Leone|Kono|Sandor|Sangbafeh Section|Kondeya II|
Sierra Leone|Kono|Sandor|Sangbafeh Section|Kongorfinkor|
Sierra Leone|Kono|Sandor|Sangbafeh Section|Musaya|
Sierra Leone|Kono|Sandor|Sangbafeh Section|Suma|
Sierra Leone|Kono|Sandor|Sangbafeh Section|Tankoro|
Sierra Leone|Kono|Sandor|Sinkongoefeh Section|Bayawandu|
Sierra Leone|Kono|Sandor|Sinkongoefeh Section|Dunamao|
Sierra Leone|Kono|Sandor|Sinkongoefeh Section|Fandah|
Sierra Leone|Kono|Sandor|Sinkongoefeh Section|Fekeya|
Sierra Leone|Kono|Sandor|Sinkongoefeh Section|Fintibaya|
Sierra Leone|Kono|Sandor|Sinkongoefeh Section|Henekuma|
Sierra Leone|Kono|Sandor|Sinkongoefeh Section|Jonkadu|
Sierra Leone|Kono|Sandor|Sinkongoefeh Section|Kainkordunde|
Sierra Leone|Kono|Sandor|Sinkongoefeh Section|Komandor|
Sierra Leone|Kono|Sandor|Sinkongoefeh Section|Laimarradu|
Sierra Leone|Kono|Sandor|Sinkongoefeh Section|Sagbama|
Sierra Leone|Kono|Sandor|Sinkongoefeh Section|Samadu|
Sierra Leone|Kono|Sandor|Sinkongoefeh Section|Sinkongorma|
Sierra Leone|Kono|Sandor|Sinkongoefeh Section|Thomasidu|
Sierra Leone|Kono|Sandor|Sumunjifeh Section|Bongema I|
Sierra Leone|Kono|Sandor|Sumunjifeh Section|Bongema II|
Sierra Leone|Kono|Sandor|Sumunjifeh Section|Bumanjah|
Sierra Leone|Kono|Sandor|Sumunjifeh Section|Dandu|
Sierra Leone|Kono|Sandor|Sumunjifeh Section|Dembema|
Sierra Leone|Kono|Sandor|Sumunjifeh Section|Dombadu|
Sierra Leone|Kono|Sandor|Sumunjifeh Section|Foakor|
Sierra Leone|Kono|Sandor|Sumunjifeh Section|Foidu|
Sierra Leone|Kono|Sandor|Sumunjifeh Section|Kabaidu|
Sierra Leone|Kono|Sandor|Sumunjifeh Section|Kondeya|
Sierra Leone|Kono|Sandor|Sumunjifeh Section|Kweya|
Sierra Leone|Kono|Sandor|Sumunjifeh Section|Seidu|
Sierra Leone|Kono|Sandor|Sumunjifeh Section|Wordu|
Sierra Leone|Kono|Sandor|Sumunjifeh Section|Yondadu|
Sierra Leone|Kono|Sandor|Yawantanda Section|Bandaya|
Sierra Leone|Kono|Sandor|Yawantanda Section|Bangambaya|
Sierra Leone|Kono|Sandor|Yawantanda Section|Baudu|
Sierra Leone|Kono|Sandor|Yawantanda Section|Benkomaya|
Sierra Leone|Kono|Sandor|Yawantanda Section|Bongema|
Sierra Leone|Kono|Sandor|Yawantanda Section|Boodu I|
Sierra Leone|Kono|Sandor|Yawantanda Section|Boodu II|
Sierra Leone|Kono|Sandor|Yawantanda Section|Boyah|
Sierra Leone|Kono|Sandor|Yawantanda Section|Chendeya|
Sierra Leone|Kono|Sandor|Yawantanda Section|Chendeyabafeh|
Sierra Leone|Kono|Sandor|Yawantanda Section|Dedu|
Sierra Leone|Kono|Sandor|Yawantanda Section|Dugbema|
Sierra Leone|Kono|Sandor|Yawantanda Section|Fandah|
Sierra Leone|Kono|Sandor|Yawantanda Section|Fensedu|
Sierra Leone|Kono|Sandor|Yawantanda Section|Fodaydu|
Sierra Leone|Kono|Sandor|Yawantanda Section|Foemangadu|
Sierra Leone|Kono|Sandor|Yawantanda Section|Gbaidu|
Sierra Leone|Kono|Sandor|Yawantanda Section|Gbemoya|
Sierra Leone|Kono|Sandor|Yawantanda Section|Gbendekordu|
Sierra Leone|Kono|Sandor|Yawantanda Section|Kamadu|
Sierra Leone|Kono|Sandor|Yawantanda Section|Kamba|
Sierra Leone|Kono|Sandor|Yawantanda Section|Kambaya|
Sierra Leone|Kono|Sandor|Yawantanda Section|Kaminkodu|
Sierra Leone|Kono|Sandor|Yawantanda Section|Kayima|
Sierra Leone|Kono|Sandor|Yawantanda Section|Koema|
Sierra Leone|Kono|Sandor|Yawantanda Section|Mafidu|
Sierra Leone|Kono|Sandor|Yawantanda Section|Maima II|
Sierra Leone|Kono|Sandor|Yawantanda Section|Makadu|
Sierra Leone|Kono|Sandor|Yawantanda Section|Mansundubafeh|
Sierra Leone|Kono|Sandor|Yawantanda Section|Meidu|
Sierra Leone|Kono|Sandor|Yawantanda Section|Meima I|
Sierra Leone|Kono|Sandor|Yawantanda Section|Memeseya|
Sierra Leone|Kono|Sandor|Yawantanda Section|Mondegbedu|
Sierra Leone|Kono|Sandor|Yawantanda Section|Ngewadu|
Sierra Leone|Kono|Sandor|Yawantanda Section|Siwaiya|
Sierra Leone|Kono|Sandor|Yawantanda Section|Small Sefadu|
Sierra Leone|Kono|Sandor|Yawantanda Section|Sowaiya|
Sierra Leone|Kono|Sandor|Yawantanda Section|Tayandu|
Sierra Leone|Kono|Sandor|Yawantanda Section|Weimbadu|
Sierra Leone|Kono|Sandor|Yawantanda Section|Woinkongor|
Sierra Leone|Kono|Sandor|Yawantanda Section|Yandu|
Sierra Leone|Kono|Sandor|Yawantanda Section|Yardu|
Sierra Leone|Kono|Sandor|Yawantanda Section|Yaryah|
Sierra Leone|Kono|Soa|Koo-Kongorkuma Section|Baawa|
Sierra Leone|Kono|Soa|Koo-Kongorkuma Section|Bamba|
Sierra Leone|Kono|Soa|Koo-Kongorkuma Section|Bandakor|
Sierra Leone|Kono|Soa|Koo-Kongorkuma Section|Bangayima|
Sierra Leone|Kono|Soa|Koo-Kongorkuma Section|Bateh|
Sierra Leone|Kono|Soa|Koo-Kongorkuma Section|Bendu|
Sierra Leone|Kono|Soa|Koo-Kongorkuma Section|Chema|
Sierra Leone|Kono|Soa|Koo-Kongorkuma Section|Deyoh|
Sierra Leone|Kono|Soa|Koo-Kongorkuma Section|Dugbu|
Sierra Leone|Kono|Soa|Koo-Kongorkuma Section|Faama|
Sierra Leone|Kono|Soa|Koo-Kongorkuma Section|Fakor|
Sierra Leone|Kono|Soa|Koo-Kongorkuma Section|Fanima|
Sierra Leone|Kono|Soa|Koo-Kongorkuma Section|Fembedu|
Sierra Leone|Kono|Soa|Koo-Kongorkuma Section|Foakor|
Sierra Leone|Kono|Soa|Koo-Kongorkuma Section|Gbayoh|
Sierra Leone|Kono|Soa|Koo-Kongorkuma Section|Gbekor|
Sierra Leone|Kono|Soa|Koo-Kongorkuma Section|Gondama|
Sierra Leone|Kono|Soa|Koo-Kongorkuma Section|Kaidu|
Sierra Leone|Kono|Soa|Koo-Kongorkuma Section|Kainkordu|
Sierra Leone|Kono|Soa|Koo-Kongorkuma Section|Kamadu|
Sierra Leone|Kono|Soa|Koo-Kongorkuma Section|Kamindu|
Sierra Leone|Kono|Soa|Koo-Kongorkuma Section|Kargbema|
Sierra Leone|Kono|Soa|Koo-Kongorkuma Section|Kaya|
Sierra Leone|Kono|Soa|Koo-Kongorkuma Section|Konadu|
Sierra Leone|Kono|Soa|Koo-Kongorkuma Section|Konsuyima|
Sierra Leone|Kono|Soa|Koo-Kongorkuma Section|Koyandu|
Sierra Leone|Kono|Soa|Koo-Kongorkuma Section|Kugbor|
Sierra Leone|Kono|Soa|Koo-Kongorkuma Section|Kundema|
Sierra Leone|Kono|Soa|Koo-Kongorkuma Section|Manjama|
Sierra Leone|Kono|Soa|Koo-Kongorkuma Section|Mbaoma|
Sierra Leone|Kono|Soa|Koo-Kongorkuma Section|Meidu|
Sierra Leone|Kono|Soa|Koo-Kongorkuma Section|Ndaiyama|
Sierra Leone|Kono|Soa|Koo-Kongorkuma Section|Ngaiama|
Sierra Leone|Kono|Soa|Koo-Kongorkuma Section|Penduma|
Sierra Leone|Kono|Soa|Koo-Kongorkuma Section|Pouma|
Sierra Leone|Kono|Soa|Koo-Kongorkuma Section|Queakor|
Sierra Leone|Kono|Soa|Koo-Kongorkuma Section|Queedu|
Sierra Leone|Kono|Soa|Koo-Kongorkuma Section|Sandakor|
Sierra Leone|Kono|Soa|Koo-Kongorkuma Section|Sandama|
Sierra Leone|Kono|Soa|Koo-Kongorkuma Section|Sandia|
Sierra Leone|Kono|Soa|Koo-Kongorkuma Section|Sangudu|
Sierra Leone|Kono|Soa|Koo-Kongorkuma Section|Sowadu|
Sierra Leone|Kono|Soa|Koo-Kongorkuma Section|Sukudara|
Sierra Leone|Kono|Soa|Koo-Kongorkuma Section|Sungai|
Sierra Leone|Kono|Soa|Koo-Kongorkuma Section|Taama|
Sierra Leone|Kono|Soa|Koo-Kongorkuma Section|Teidu|
Sierra Leone|Kono|Soa|Koo-Kongorkuma Section|Tensekor|
Sierra Leone|Kono|Soa|Koo-Kongorkuma Section|Tongorma|
Sierra Leone|Kono|Soa|Koo-Kongorkuma Section|Waryiah|
Sierra Leone|Kono|Soa|Koo-Kongorkuma Section|Washinton|
Sierra Leone|Kono|Soa|Koo-Kongorkuma Section|Woakor|
Sierra Leone|Kono|Soa|Koo-Kongorkuma Section|Wonday|
Sierra Leone|Kono|Soa|Koo-Kongorkuma Section|Yebema|
Sierra Leone|Kono|Soa|Maindu Section|Kuandor|
Sierra Leone|Kono|Soa|Maindu Section|Sejekor|
Sierra Leone|Kono|Soa|Maindu Section|Sombidu|
Sierra Leone|Kono|Soa|Maindu Section|Yardu|
Sierra Leone|Kono|Soa|Mofinkor Section|Damandor|
Sierra Leone|Kono|Soa|Mofinkor Section|Gbamandu|
Sierra Leone|Kono|Soa|Mofinkor Section|Gbekor|
Sierra Leone|Kono|Soa|Mofinkor Section|Kiya|
Sierra Leone|Kono|Soa|Mofinkor Section|Koryima|
Sierra Leone|Kono|Soa|Mofinkor Section|Nyandiama|
Sierra Leone|Kono|Soa|Mofinkor Section|Sakoa|
Sierra Leone|Kono|Soa|Mofinkor Section|Siamandu|
Sierra Leone|Kono|Soa|Mofinkor Section|Taama|
Sierra Leone|Kono|Soa|Mofinkor Section|Tensekor|
Sierra Leone|Kono|Soa|Mofinkor Section|Tiando|
Sierra Leone|Kono|Soa|Mongor Section|Bandama|
Sierra Leone|Kono|Soa|Mongor Section|Buedu|
Sierra Leone|Kono|Soa|Mongor Section|Dugbudu|
Sierra Leone|Kono|Soa|Mongor Section|Fuidu Mongor|
Sierra Leone|Kono|Soa|Mongor Section|Gbaima|
Sierra Leone|Kono|Soa|Mongor Section|Gbongbokor|
Sierra Leone|Kono|Soa|Mongor Section|Koidu Mongor|
Sierra Leone|Kono|Soa|Mongor Section|Seidu|
Sierra Leone|Kono|Soa|Mongor Section|Tongoro|
Sierra Leone|Kono|Soa|Mongor Section|Yekebema|
Sierra Leone|Kono|Soa|Mongor Section|Yituma|
Sierra Leone|Kono|Soa|Morfinkor Section|Baboyai|
Sierra Leone|Kono|Soa|Morfinkor Section|Bafidu|
Sierra Leone|Kono|Soa|Morfinkor Section|Demandor|
Sierra Leone|Kono|Soa|Morfinkor Section|Dunamaor|
Sierra Leone|Kono|Soa|Morfinkor Section|Gbamandu|
Sierra Leone|Kono|Soa|Morfinkor Section|Koyima|
Sierra Leone|Kono|Soa|Morfinkor Section|Marka|
Sierra Leone|Kono|Soa|Morfinkor Section|Ngokor|
Sierra Leone|Kono|Soa|Morfinkor Section|Sarkoa|
Sierra Leone|Kono|Soa|Morfinkor Section|Semendu|
Sierra Leone|Kono|Soa|Morfinkor Section|Tiandu|
Sierra Leone|Kono|Soa|Sawa Buuma Section|Bandasuma|
Sierra Leone|Kono|Soa|Sawa Buuma Section|Bongema|
Sierra Leone|Kono|Soa|Sawa Buuma Section|Daiyor|
Sierra Leone|Kono|Soa|Sawa Buuma Section|Kangama|
Sierra Leone|Kono|Soa|Sawa Buuma Section|Paima|
Sierra Leone|Kono|Soa|Sawa Buuma Section|Tombu|
Sierra Leone|Kono|Soa|Sawa Fiama Section|Baadu|
Sierra Leone|Kono|Soa|Sawa Fiama Section|Bambaa|
Sierra Leone|Kono|Soa|Sawa Fiama Section|Bambaa|
Sierra Leone|Kono|Soa|Sawa Fiama Section|Boidu|
Sierra Leone|Kono|Soa|Sawa Fiama Section|Boindu|
Sierra Leone|Kono|Soa|Sawa Fiama Section|Cheseneh|
Sierra Leone|Kono|Soa|Sawa Fiama Section|Dukono|
Sierra Leone|Kono|Soa|Sawa Fiama Section|Fendu|
Sierra Leone|Kono|Soa|Sawa Fiama Section|Kartongor|
Sierra Leone|Kono|Soa|Sawa Fiama Section|Kongorwakor|
Sierra Leone|Kono|Soa|Sawa Fiama Section|Konjo|
Sierra Leone|Kono|Soa|Sawa Fiama Section|Konoma|
Sierra Leone|Kono|Soa|Sawa Fiama Section|Kundorma|
Sierra Leone|Kono|Soa|Sawa Fiama Section|Levuma|
Sierra Leone|Kono|Soa|Sawa Fiama Section|Maah|
Sierra Leone|Kono|Soa|Sawa Fiama Section|Najoma|
Sierra Leone|Kono|Soa|Sawa Fiama Section|Navoma|
Sierra Leone|Kono|Soa|Sawa Fiama Section|Nongorwa|
Sierra Leone|Kono|Soa|Sawa Fiama Section|Segenma|
Sierra Leone|Kono|Soa|Sawa Fiama Section|Sukudu|
Sierra Leone|Kono|Soa|Sawa Fiama Section|Taiyah|
Sierra Leone|Kono|Soa|Sawa Fiama Section|Tunema|
Sierra Leone|Kono|Soa|Sawa Fiama Section|Wookor|
Sierra Leone|Kono|Soa|Sawa Fiama Section|Yendema|
Sierra Leone|Kono|Soa|Sawa Fiama Section|Yorgborma|
Sierra Leone|Kono|Soa|Tensedakor Section|Baidu|
Sierra Leone|Kono|Soa|Tensedakor Section|Kanjedu|
Sierra Leone|Kono|Soa|Tensedakor Section|Louma|
Sierra Leone|Kono|Soa|Tensedakor Section|Maakor|
Sierra Leone|Kono|Soa|Tensedakor Section|Njawama|
Sierra Leone|Kono|Soa|Tensedakor Section|Samankonekor|
Sierra Leone|Kono|Soa|Tensedakor Section|Yardu|
Sierra Leone|Kono|Soa|Tensekor Section|Dunamaor|
Sierra Leone|Kono|Soa|Tensekor Section|Fuero|
Sierra Leone|Kono|Soa|Tensekor Section|Kainfuidu|
Sierra Leone|Kono|Soa|Tensekor Section|Koakor|
Sierra Leone|Kono|Soa|Tensekor Section|Kongomadu|
Sierra Leone|Kono|Soa|Tensekor Section|New Kenema|
Sierra Leone|Kono|Soa|Tensekor Section|Nyamor|
Sierra Leone|Kono|Soa|Tensekor Section|Wookor|
Sierra Leone|Kono|Soa|Tensekor Section|Yendeh|
Sierra Leone|Kono|Tankoro|Njama Section|Bayama|
Sierra Leone|Kono|Tankoro|Njama Section|Foindu|
Sierra Leone|Kono|Tankoro|Njama Section|Gbetewama|
Sierra Leone|Kono|Tankoro|Njama Section|Komende|
Sierra Leone|Kono|Tankoro|Njama Section|Levuma|
Sierra Leone|Kono|Tankoro|Njama Section|Pamakamadu|
Sierra Leone|Kono|Tankoro|Njama Section|Saquee Town|
Sierra Leone|Kono|Tankoro|Njama Section|Yebema|
Sierra Leone|Kono|Tankoro|Tankoro Section|Bayoh Town|
Sierra Leone|Kono|Tankoro|Tankoro Section|Duwadu|
Sierra Leone|Kono|Tankoro|Tankoro Section|Faikundor|
Sierra Leone|Kono|Tankoro|Tankoro Section|Foadu|
Sierra Leone|Kono|Tankoro|Tankoro Section|Foindu|
Sierra Leone|Kono|Tankoro|Tankoro Section|Fueyor|
Sierra Leone|Kono|Tankoro|Tankoro Section|Gbanjenekor|
Sierra Leone|Kono|Tankoro|Tankoro Section|Gbeikor|
Sierra Leone|Kono|Tankoro|Tankoro Section|Gbensendor|
Sierra Leone|Kono|Tankoro|Tankoro Section|Gbetema|
Sierra Leone|Kono|Tankoro|Tankoro Section|Kanjedu|
Sierra Leone|Kono|Tankoro|Tankoro Section|Kongorwakor|
Sierra Leone|Kono|Tankoro|Tankoro Section|Kowoyendor|
Sierra Leone|Kono|Tankoro|Tankoro Section|Madina|
Sierra Leone|Kono|Tankoro|Tankoro Section|Majamadu|
Sierra Leone|Kono|Tankoro|Tankoro Section|Moyima|
Sierra Leone|Kono|Tankoro|Tankoro Section|New Sembehun|
Sierra Leone|Kono|Tankoro|Tankoro Section|Nongorkor|
Sierra Leone|Kono|Tankoro|Tankoro Section|Saquee Town|
Sierra Leone|Kono|Tankoro|Tankoro Section|Sokogbeh|
Sierra Leone|Kono|Tankoro|Tankoro Section|Sukudu|
Sierra Leone|Kono|Tankoro|Tankoro Section|Swarray Town|
Sierra Leone|Kono|Tankoro|Tankoro Section|Tangabu|
Sierra Leone|Kono|Tankoro|Tankoro Section|Tankoro|
Sierra Leone|Kono|Tankoro|Tankoro Section|Tondoneh|
Sierra Leone|Kono|Tankoro|Tankoro Section|Tongoro|
Sierra Leone|Kono|Tankoro|Tankoro Section|Wordu|
Sierra Leone|Kono|Tankoro|Tankoro Section|Yindimie|
Sierra Leone|Kono|Tankoro|Tankoro Section|Yomandu I|
Sierra Leone|Kono|Tankoro|Tankoro Section|Yorgborma|
Sierra Leone|Kono|Tankoro|Woafeh Section|Bendu|
Sierra Leone|Kono|Tankoro|Woafeh Section|Boroma|
Sierra Leone|Kono|Tankoro|Woafeh Section|Gbaima|
Sierra Leone|Kono|Tankoro|Woafeh Section|Gbaimata|
Sierra Leone|Kono|Tankoro|Woafeh Section|Kania|
Sierra Leone|Kono|Tankoro|Woafeh Section|Kensay|
Sierra Leone|Kono|Tankoro|Woafeh Section|Kissi Town|
Sierra Leone|Kono|Tankoro|Woafeh Section|Koaehun|
Sierra Leone|Kono|Tankoro|Woafeh Section|Koidu I|
Sierra Leone|Kono|Tankoro|Woafeh Section|Mbaoma III|
Sierra Leone|Kono|Tankoro|Woafeh Section|Moimandu|
Sierra Leone|Kono|Tankoro|Woafeh Section|New Meama|
Sierra Leone|Kono|Tankoro|Woafeh Section|Old Meama|
Sierra Leone|Kono|Tankoro|Woafeh Section|Sandema|
Sierra Leone|Kono|Tankoro|Woafeh Section|Senehun|
Sierra Leone|Kono|Tankoro|Woafeh Section|Sengedu|
Sierra Leone|Kono|Tankoro|Woafeh Section|Sengema|
Sierra Leone|Kono|Tankoro|Woafeh Section|Simbakoro|
Sierra Leone|Kono|Tankoro|Woafeh Section|Woama|
Sierra Leone|Kono|Tankoro|Woafeh Section|Yimindor|
Sierra Leone|Kono|Toli|Bawadu Section|Bawadu|
Sierra Leone|Kono|Toli|Bawadu Section|Gbamandu|
Sierra Leone|Kono|Toli|Bawadu Section|Gbolodu|
Sierra Leone|Kono|Toli|Bawadu Section|Kamindu|
Sierra Leone|Kono|Toli|Bawadu Section|Tombodu|
Sierra Leone|Kono|Toli|Komadu Section|Bendu|
Sierra Leone|Kono|Toli|Komadu Section|Kamaradu|
Sierra Leone|Kono|Toli|Komadu Section|Kpetema|
Sierra Leone|Kono|Toli|Komadu Section|Kundema I|
Sierra Leone|Kono|Toli|Komadu Section|Kundema II|
Sierra Leone|Kono|Toli|Komadu Section|Mankongordu|
Sierra Leone|Kono|Toli|Komadu Section|Poteya|
Sierra Leone|Kono|Toli|Komadu Section|Sandia|
Sierra Leone|Kono|Toli|Komadu Section|Wasaya|
Sierra Leone|Kono|Toli|Komadu Section|Yorgborma|
Sierra Leone|Kono|Toli|Kwidu Section|Dembadu|
Sierra Leone|Kono|Toli|Kwidu Section|Gbolia|
Sierra Leone|Kono|Toli|Kwidu Section|Kombondu|
Sierra Leone|Kono|Toli|Kwidu Section|Kondewakor|
Sierra Leone|Kono|Toli|Kwidu Section|Konkonia|
Sierra Leone|Kono|Toli|Kwidu Section|Torto|
Sierra Leone|Kono|Toli|Kwidu Section|Worreh|
Sierra Leone|Moyamba|Bagruna|-|-|
Sierra Leone|Moyamba|Banta|-|-|
Sierra Leone|Moyamba|Bumpe|-|-|
Sierra Leone|Moyamba|Dasse|-|-|
Sierra Leone|Moyamba|Fakunya|-|-|
Sierra Leone|Moyamba|Fori|-|-|
Sierra Leone|Moyamba|Kagboro|-|-|
Sierra Leone|Moyamba|Kaiyamba|-|-|
Sierra Leone|Moyamba|Kamajei|-|-|
Sierra Leone|Moyamba|Kongbora|-|-|
Sierra Leone|Moyamba|Kowa|-|-|
Sierra Leone|Moyamba|Ribbi|-|-|
Sierra Leone|Moyamba|Timdale|-|-|
Sierra Leone|Moyamba|Upper Banta|-|-|
Sierra Leone|Port Loko|Bureh Kaseh Maconteh|-|-|
Sierra Leone|Port Loko|Buya Romende|-|-|
Sierra Leone|Port Loko|Debia|-|-|
Sierra Leone|Port Loko|Kaffu Bullom|-|-|
Sierra Leone|Port Loko|Koya|-|-|
Sierra Leone|Port Loko|Loko Massama|-|-|
Sierra Leone|Port Loko|Maforki|-|-|
Sierra Leone|Port Loko|Marampa|-|-|
Sierra Leone|Port Loko|Masimera|-|-|
Sierra Leone|Port Loko|Sanda Magbolontor|-|-|
Sierra Leone|Port Loko|T.M. Safroko|-|-|
Sierra Leone|Pujehun|Barri|-|-|
Sierra Leone|Pujehun|Gallines Perri|-|-|
Sierra Leone|Pujehun|Kpaka|-|-|
Sierra Leone|Pujehun|Kpanga Kagonde|-|-|
Sierra Leone|Pujehun|Makpele|-|-|
Sierra Leone|Pujehun|Malen|-|-|
Sierra Leone|Pujehun|Mano Sakrim|-|-|
Sierra Leone|Pujehun|Panga Krim|-|-|
Sierra Leone|Pujehun|Peje|-|-|
Sierra Leone|Pujehun|Soro Gbema|-|-|
Sierra Leone|Pujehun|Sowa|-|-|
Sierra Leone|Pujehun|Yekomo Kpukumu Krim|-|-|
Sierra Leone|Tonkolili|Gbonkolenken|-|-|
Sierra Leone|Tonkolili|Kafe Simiria|-|-|
Sierra Leone|Tonkolili|Kalansongoia|-|-|
Sierra Leone|Tonkolili|Kholifa|-|-|
Sierra Leone|Tonkolili|Kholifa Mabang|-|-|
Sierra Leone|Tonkolili|Kunike|-|-|
Sierra Leone|Tonkolili|Kunike Barina|-|-|
Sierra Leone|Tonkolili|Malal Mara|-|-|
Sierra Leone|Tonkolili|Sambaia|-|-|
Sierra Leone|Tonkolili|Tane|-|-|
Sierra Leone|Tonkolili|Yoni|-|-|
